-- INSERT's PARA TABELA USUÁRIOS

INSERT INTO usuarios (usu_id, usu_nome, usu_cpf, usu_data_nasc, usu_sexo, usu_telefone, usu_email, usu_observ, usu_acesso, usu_senha) VALUES
                     (1,'José Oliveira', '321.654.987-00', '1995-10-20', 1, '(11) 5432-1098', 'jose@example.com', 'Observações sobre Jose Oliveira.', 0, 'jose789'),
                     (2, 'João da Silva', '111.222.333-44', '1988-03-10', 1, '(11) 2222-3333', 'joao@example.com', 'Observações sobre João da Silva.', 0, 'joao123'),
                     (3, 'Maria Oliveira', '555.666.777-88', '1992-08-25', 0, '(11) 4444-5555', 'maria@example.com', 'Observações sobre Maria Oliveira.', 0, 'maria456'),
                     (4, 'Pedro Santos', '999.888.777-66', '1980-12-05', 1, '(11) 7777-8888', 'pedro@example.com', 'Observações sobre Pedro Santos.', 0, 'pedro789');
                    


insert into categorias (cat_id, cat_nome) VALUES
                        (1, 'Caminhao'),
                        (2, 'Carro'),
                        (3, 'Moto');


-- INSERT's PARA TABELA MARCAS
INSERT INTO marcas (mar_id, mar_nome, mar_icone, cat_id) VALUES (1, "CHEVROLET", NULL,1);
INSERT INTO marcas (mar_id, mar_nome, mar_icone, cat_id) VALUES (2, "VOLKSWAGEN", NULL,1);
INSERT INTO marcas (mar_id, mar_nome, mar_icone, cat_id) VALUES (3, "FIAT", NULL,1);
INSERT INTO marcas (mar_id, mar_nome, mar_icone, cat_id) VALUES (4, "MERCEDES-BENZ", NULL,1);
INSERT INTO marcas (mar_id, mar_nome, mar_icone, cat_id) VALUES (5, "FORD", NULL,1);
INSERT INTO marcas (mar_id, mar_nome, mar_icone, cat_id) VALUES (6, "HYUNDAI", NULL,1);
INSERT INTO marcas (mar_id, mar_nome, mar_icone, cat_id) VALUES (7, "KIA", NULL,1);
INSERT INTO marcas (mar_id, mar_nome, mar_icone, cat_id) VALUES (8, "TOYOTA", NULL,1);
INSERT INTO marcas (mar_id, mar_nome, mar_icone, cat_id) VALUES (9, "RENAULT", NULL,1);
INSERT INTO marcas (mar_id, mar_nome, mar_icone, cat_id) VALUES (10, "AGRALE", NULL,1);
INSERT INTO marcas (mar_id, mar_nome, mar_icone, cat_id) VALUES (11, "VOLVO", NULL,1);
INSERT INTO marcas (mar_id, mar_nome, mar_icone, cat_id) VALUES (12, "IVECO", NULL,1);
INSERT INTO marcas (mar_id, mar_nome, mar_icone, cat_id) VALUES (13, "UTILITARIOS AGRICOLAS", NULL,1);
INSERT INTO marcas (mar_id, mar_nome, mar_icone, cat_id) VALUES (14, "RANDON", NULL,1);
INSERT INTO marcas (mar_id, mar_nome, mar_icone, cat_id) VALUES (15, "SCANIA", NULL,1);
INSERT INTO marcas (mar_id, mar_nome, mar_icone, cat_id) VALUES (16, "OUTROS", NULL,1);
INSERT INTO marcas (mar_id, mar_nome, mar_icone, cat_id) VALUES (17, "UTILITARIOS PESADOS", NULL,1);
INSERT INTO marcas (mar_id, mar_nome, mar_icone, cat_id) VALUES (18, "MOTOR-HOME", NULL,1);
INSERT INTO marcas (mar_id, mar_nome, mar_icone, cat_id) VALUES (19, "MAN", NULL,1);
INSERT INTO marcas (mar_id, mar_nome, mar_icone, cat_id) VALUES (20, "SCHIFFER", NULL,1);
INSERT INTO marcas (mar_id, mar_nome, mar_icone, cat_id) VALUES (21, "GUERRA", NULL,1);
INSERT INTO marcas (mar_id, mar_nome, mar_icone, cat_id) VALUES (22, "CHEVROLET", NULL,2);
INSERT INTO marcas (mar_id, mar_nome, mar_icone, cat_id) VALUES (23, "VOLKSWAGEN", NULL,2);
INSERT INTO marcas (mar_id, mar_nome, mar_icone, cat_id) VALUES (24, "FIAT", NULL,2);
INSERT INTO marcas (mar_id, mar_nome, mar_icone, cat_id) VALUES (25, "MERCEDES-BENZ", NULL,2);
INSERT INTO marcas (mar_id, mar_nome, mar_icone, cat_id) VALUES (26, "CITROEN", NULL,2);
INSERT INTO marcas (mar_id, mar_nome, mar_icone, cat_id) VALUES (27, "HONDA", NULL,2);
INSERT INTO marcas (mar_id, mar_nome, mar_icone, cat_id) VALUES (28, "SUBARU", NULL,2);
INSERT INTO marcas (mar_id, mar_nome, mar_icone, cat_id) VALUES (29, "FERRARI", NULL,2);
INSERT INTO marcas (mar_id, mar_nome, mar_icone, cat_id) VALUES (30, "BUGATTI", NULL,2);
INSERT INTO marcas (mar_id, mar_nome, mar_icone, cat_id) VALUES (31, "LAMBORGHINI", NULL,2);
INSERT INTO marcas (mar_id, mar_nome, mar_icone, cat_id) VALUES (32, "FORD", NULL,2);
INSERT INTO marcas (mar_id, mar_nome, mar_icone, cat_id) VALUES (33, "HYUNDAI", NULL,2);
INSERT INTO marcas (mar_id, mar_nome, mar_icone, cat_id) VALUES (34, "JAC", NULL,2);
INSERT INTO marcas (mar_id, mar_nome, mar_icone, cat_id) VALUES (35, "KIA", NULL,2);
INSERT INTO marcas (mar_id, mar_nome, mar_icone, cat_id) VALUES (36, "GURGEL", NULL,2);
INSERT INTO marcas (mar_id, mar_nome, mar_icone, cat_id) VALUES (37, "DODGE", NULL,2);
INSERT INTO marcas (mar_id, mar_nome, mar_icone, cat_id) VALUES (38, "CHRYSLER", NULL,2);
INSERT INTO marcas (mar_id, mar_nome, mar_icone, cat_id) VALUES (39, "BENTLEY", NULL,2);
INSERT INTO marcas (mar_id, mar_nome, mar_icone, cat_id) VALUES (40, "SSANGYONG", NULL,2);
INSERT INTO marcas (mar_id, mar_nome, mar_icone, cat_id) VALUES (41, "PEUGEOT", NULL,2);
INSERT INTO marcas (mar_id, mar_nome, mar_icone, cat_id) VALUES (42, "TOYOTA", NULL,2);
INSERT INTO marcas (mar_id, mar_nome, mar_icone, cat_id) VALUES (43, "RENAULT", NULL,2);
INSERT INTO marcas (mar_id, mar_nome, mar_icone, cat_id) VALUES (44, "ACURA", NULL,2);
INSERT INTO marcas (mar_id, mar_nome, mar_icone, cat_id) VALUES (45, "ALFA ROMEO", NULL,2);
INSERT INTO marcas (mar_id, mar_nome, mar_icone, cat_id) VALUES (46, "ASTON MARTIN", NULL,2);
INSERT INTO marcas (mar_id, mar_nome, mar_icone, cat_id) VALUES (47, "AUDI", NULL,2);
INSERT INTO marcas (mar_id, mar_nome, mar_icone, cat_id) VALUES (48, "BIANCO", NULL,2);
INSERT INTO marcas (mar_id, mar_nome, mar_icone, cat_id) VALUES (49, "BMW", NULL,2);
INSERT INTO marcas (mar_id, mar_nome, mar_icone, cat_id) VALUES (50, "BUICK", NULL,2);
INSERT INTO marcas (mar_id, mar_nome, mar_icone, cat_id) VALUES (51, "BYD", NULL,2);
INSERT INTO marcas (mar_id, mar_nome, mar_icone, cat_id) VALUES (52, "NISSAN", NULL,2);
INSERT INTO marcas (mar_id, mar_nome, mar_icone, cat_id) VALUES (53, "CHERY", NULL,2);
INSERT INTO marcas (mar_id, mar_nome, mar_icone, cat_id) VALUES (54, "CROSS LANDER", NULL,2);
INSERT INTO marcas (mar_id, mar_nome, mar_icone, cat_id) VALUES (55, "VOLVO", NULL,2);
INSERT INTO marcas (mar_id, mar_nome, mar_icone, cat_id) VALUES (56, "DELOREAN", NULL,2);
INSERT INTO marcas (mar_id, mar_nome, mar_icone, cat_id) VALUES (57, "SUZUKI", NULL,2);
INSERT INTO marcas (mar_id, mar_nome, mar_icone, cat_id) VALUES (58, "EFFA", NULL,2);
INSERT INTO marcas (mar_id, mar_nome, mar_icone, cat_id) VALUES (59, "PONTIAC", NULL,2);
INSERT INTO marcas (mar_id, mar_nome, mar_icone, cat_id) VALUES (60, "PORSCHE", NULL,2);
INSERT INTO marcas (mar_id, mar_nome, mar_icone, cat_id) VALUES (61, "HUMMER", NULL,2);
INSERT INTO marcas (mar_id, mar_nome, mar_icone, cat_id) VALUES (62, "INFINITI", NULL,2);
INSERT INTO marcas (mar_id, mar_nome, mar_icone, cat_id) VALUES (63, "JAGUAR", NULL,2);
INSERT INTO marcas (mar_id, mar_nome, mar_icone, cat_id) VALUES (64, "JEEP", NULL,2);
INSERT INTO marcas (mar_id, mar_nome, mar_icone, cat_id) VALUES (65, "KOENIGSEGG", NULL,2);
INSERT INTO marcas (mar_id, mar_nome, mar_icone, cat_id) VALUES (66, "LADA", NULL,2);
INSERT INTO marcas (mar_id, mar_nome, mar_icone, cat_id) VALUES (67, "LANCIA", NULL,2);
INSERT INTO marcas (mar_id, mar_nome, mar_icone, cat_id) VALUES (68, "LAND ROVER", NULL,2);
INSERT INTO marcas (mar_id, mar_nome, mar_icone, cat_id) VALUES (69, "LEXUS", NULL,2);
INSERT INTO marcas (mar_id, mar_nome, mar_icone, cat_id) VALUES (70, "LIFAN", NULL,2);
INSERT INTO marcas (mar_id, mar_nome, mar_icone, cat_id) VALUES (71, "LINCOLN", NULL,2);
INSERT INTO marcas (mar_id, mar_nome, mar_icone, cat_id) VALUES (72, "LOTUS", NULL,2);
INSERT INTO marcas (mar_id, mar_nome, mar_icone, cat_id) VALUES (73, "MASERATI", NULL,2);
INSERT INTO marcas (mar_id, mar_nome, mar_icone, cat_id) VALUES (74, "MAZDA", NULL,2);
INSERT INTO marcas (mar_id, mar_nome, mar_icone, cat_id) VALUES (75, "MITSUBISHI", NULL,2);
INSERT INTO marcas (mar_id, mar_nome, mar_icone, cat_id) VALUES (76, "MG", NULL,2);
INSERT INTO marcas (mar_id, mar_nome, mar_icone, cat_id) VALUES (77, "MINI", NULL,2);
INSERT INTO marcas (mar_id, mar_nome, mar_icone, cat_id) VALUES (78, "MIURA", NULL,2);
INSERT INTO marcas (mar_id, mar_nome, mar_icone, cat_id) VALUES (79, "PAGANI", NULL,2);
INSERT INTO marcas (mar_id, mar_nome, mar_icone, cat_id) VALUES (80, "PLYMOUTH", NULL,2);
INSERT INTO marcas (mar_id, mar_nome, mar_icone, cat_id) VALUES (81, "PUMA", NULL,2);
INSERT INTO marcas (mar_id, mar_nome, mar_icone, cat_id) VALUES (82, "ROLLS-ROYCE", NULL,2);
INSERT INTO marcas (mar_id, mar_nome, mar_icone, cat_id) VALUES (83, "SEAT", NULL,2);
INSERT INTO marcas (mar_id, mar_nome, mar_icone, cat_id) VALUES (84, "SHINERAY", NULL,2);
INSERT INTO marcas (mar_id, mar_nome, mar_icone, cat_id) VALUES (85, "SMART", NULL,2);
INSERT INTO marcas (mar_id, mar_nome, mar_icone, cat_id) VALUES (86, "TROLLER", NULL,2);
INSERT INTO marcas (mar_id, mar_nome, mar_icone, cat_id) VALUES (87, "CADILLAC", NULL,2);
INSERT INTO marcas (mar_id, mar_nome, mar_icone, cat_id) VALUES (88, "BUGGY", NULL,2);
INSERT INTO marcas (mar_id, mar_nome, mar_icone, cat_id) VALUES (89, "SKODA", NULL,2);
INSERT INTO marcas (mar_id, mar_nome, mar_icone, cat_id) VALUES (90, "KARMANN GHIA", NULL,2);
INSERT INTO marcas (mar_id, mar_nome, mar_icone, cat_id) VALUES (91, "KART", NULL,2);
INSERT INTO marcas (mar_id, mar_nome, mar_icone, cat_id) VALUES (92, "OUTROS", NULL,2);
INSERT INTO marcas (mar_id, mar_nome, mar_icone, cat_id) VALUES (93, "MCLAREN", NULL,2);
INSERT INTO marcas (mar_id, mar_nome, mar_icone, cat_id) VALUES (94, "HONDA", NULL,3);
INSERT INTO marcas (mar_id, mar_nome, mar_icone, cat_id) VALUES (95, "BMW", NULL,3);
INSERT INTO marcas (mar_id, mar_nome, mar_icone, cat_id) VALUES (96, "SUZUKI", NULL,3);
INSERT INTO marcas (mar_id, mar_nome, mar_icone, cat_id) VALUES (97, "SHINERAY", NULL,3);
INSERT INTO marcas (mar_id, mar_nome, mar_icone, cat_id) VALUES (98, "KASINSKI", NULL,3);
INSERT INTO marcas (mar_id, mar_nome, mar_icone, cat_id) VALUES (99, "YAMAHA", NULL,3);
INSERT INTO marcas (mar_id, mar_nome, mar_icone, cat_id) VALUES (100, "SUNDOWN", NULL,3);
INSERT INTO marcas (mar_id, mar_nome, mar_icone, cat_id) VALUES (101, "KAWASAKI", NULL,3);
INSERT INTO marcas (mar_id, mar_nome, mar_icone, cat_id) VALUES (102, "POLARIS", NULL,3);
INSERT INTO marcas (mar_id, mar_nome, mar_icone, cat_id) VALUES (103, "AMAZONAS", NULL,3);
INSERT INTO marcas (mar_id, mar_nome, mar_icone, cat_id) VALUES (104, "APRILIA", NULL,3);
INSERT INTO marcas (mar_id, mar_nome, mar_icone, cat_id) VALUES (105, "BAJAJ", NULL,3);
INSERT INTO marcas (mar_id, mar_nome, mar_icone, cat_id) VALUES (106, "BIMOTA", NULL,3);
INSERT INTO marcas (mar_id, mar_nome, mar_icone, cat_id) VALUES (107, "BUELL", NULL,3);
INSERT INTO marcas (mar_id, mar_nome, mar_icone, cat_id) VALUES (108, "CAGIVA", NULL,3);
INSERT INTO marcas (mar_id, mar_nome, mar_icone, cat_id) VALUES (109, "MOBILETE", NULL,3);
INSERT INTO marcas (mar_id, mar_nome, mar_icone, cat_id) VALUES (110, "DAFRA", NULL,3);
INSERT INTO marcas (mar_id, mar_nome, mar_icone, cat_id) VALUES (111, "DUCATI", NULL,3);
INSERT INTO marcas (mar_id, mar_nome, mar_icone, cat_id) VALUES (112, "HARLEY-DAVIDSON", NULL,3);
INSERT INTO marcas (mar_id, mar_nome, mar_icone, cat_id) VALUES (113, "HERO", NULL,3);
INSERT INTO marcas (mar_id, mar_nome, mar_icone, cat_id) VALUES (114, "HUSQVARNA", NULL,3);
INSERT INTO marcas (mar_id, mar_nome, mar_icone, cat_id) VALUES (115, "KIMCO", NULL,3);
INSERT INTO marcas (mar_id, mar_nome, mar_icone, cat_id) VALUES (116, "MV AUGUSTA", NULL,3);
INSERT INTO marcas (mar_id, mar_nome, mar_icone, cat_id) VALUES (117, "TRAXX", NULL,3);
INSERT INTO marcas (mar_id, mar_nome, mar_icone, cat_id) VALUES (118, "LAMBRETA", NULL,3);
INSERT INTO marcas (mar_id, mar_nome, mar_icone, cat_id) VALUES (119, "OUTROS", NULL,3);
INSERT INTO marcas (mar_id, mar_nome, mar_icone, cat_id) VALUES (120, "SCOOTER", NULL,3);
INSERT INTO marcas (mar_id, mar_nome, mar_icone, cat_id) VALUES (121, "KTM", NULL,3);
INSERT INTO marcas (mar_id, mar_nome, mar_icone, cat_id) VALUES (122, "CAN-AM", NULL,3);






-- INSERT's PARA TABELA MODELOS DE CAMINHAO
INSERT INTO modelos (mod_id, mod_nome, mar_id) VALUES (1, "HR", 1);
INSERT INTO modelos (mod_id, mod_nome, mar_id) VALUES (2, "81", 1);
INSERT INTO modelos (mod_id, mod_nome, mar_id) VALUES (3, "82", 1);
INSERT INTO modelos (mod_id, mod_nome, mar_id) VALUES (4, "92", 1);
INSERT INTO modelos (mod_id, mod_nome, mar_id) VALUES (5, "93", 1);
INSERT INTO modelos (mod_id, mod_nome, mar_id) VALUES (6, "94", 1);
INSERT INTO modelos (mod_id, mod_nome, mar_id) VALUES (7, "110", 1);
INSERT INTO modelos (mod_id, mod_nome, mar_id) VALUES (8, "111", 1);
INSERT INTO modelos (mod_id, mod_nome, mar_id) VALUES (9, "112", 1);
INSERT INTO modelos (mod_id, mod_nome, mar_id) VALUES (10, "113", 1);
INSERT INTO modelos (mod_id, mod_nome, mar_id) VALUES (11, "114", 1);
INSERT INTO modelos (mod_id, mod_nome, mar_id) VALUES (12, "124", 1);
INSERT INTO modelos (mod_id, mod_nome, mar_id) VALUES (13, "130", 1);
INSERT INTO modelos (mod_id, mod_nome, mar_id) VALUES (14, "133", 1);
INSERT INTO modelos (mod_id, mod_nome, mar_id) VALUES (15, "141", 1);
INSERT INTO modelos (mod_id, mod_nome, mar_id) VALUES (16, "142", 1);
INSERT INTO modelos (mod_id, mod_nome, mar_id) VALUES (17, "143", 1);
INSERT INTO modelos (mod_id, mod_nome, mar_id) VALUES (18, "144", 1);
INSERT INTO modelos (mod_id, mod_nome, mar_id) VALUES (19, "164", 1);
INSERT INTO modelos (mod_id, mod_nome, mar_id) VALUES (20, "180", 1);
INSERT INTO modelos (mod_id, mod_nome, mar_id) VALUES (21, "180", 1);
INSERT INTO modelos (mod_id, mod_nome, mar_id) VALUES (22, "180", 1);
INSERT INTO modelos (mod_id, mod_nome, mar_id) VALUES (23, "190", 1);
INSERT INTO modelos (mod_id, mod_nome, mar_id) VALUES (24, "210", 1);
INSERT INTO modelos (mod_id, mod_nome, mar_id) VALUES (25, "230", 1);
INSERT INTO modelos (mod_id, mod_nome, mar_id) VALUES (26, "312", 1);
INSERT INTO modelos (mod_id, mod_nome, mar_id) VALUES (27, "321", 1);
INSERT INTO modelos (mod_id, mod_nome, mar_id) VALUES (28, "380", 1);
INSERT INTO modelos (mod_id, mod_nome, mar_id) VALUES (29, "400", 1);
INSERT INTO modelos (mod_id, mod_nome, mar_id) VALUES (30, "420", 1);
INSERT INTO modelos (mod_id, mod_nome, mar_id) VALUES (31, "440", 1);
INSERT INTO modelos (mod_id, mod_nome, mar_id) VALUES (32, "470", 1);
INSERT INTO modelos (mod_id, mod_nome, mar_id) VALUES (33, "480", 1);
INSERT INTO modelos (mod_id, mod_nome, mar_id) VALUES (34, "490", 1);
INSERT INTO modelos (mod_id, mod_nome, mar_id) VALUES (35, "608", 1);
INSERT INTO modelos (mod_id, mod_nome, mar_id) VALUES (36, "708", 1);
INSERT INTO modelos (mod_id, mod_nome, mar_id) VALUES (37, "709", 1);
INSERT INTO modelos (mod_id, mod_nome, mar_id) VALUES (38, "710", 1);
INSERT INTO modelos (mod_id, mod_nome, mar_id) VALUES (39, "712", 1);
INSERT INTO modelos (mod_id, mod_nome, mar_id) VALUES (40, "912", 1);
INSERT INTO modelos (mod_id, mod_nome, mar_id) VALUES (41, "914", 1);
INSERT INTO modelos (mod_id, mod_nome, mar_id) VALUES (42, "914", 1);
INSERT INTO modelos (mod_id, mod_nome, mar_id) VALUES (43, "1111", 1);
INSERT INTO modelos (mod_id, mod_nome, mar_id) VALUES (44, "1113", 1);
INSERT INTO modelos (mod_id, mod_nome, mar_id) VALUES (45, "1114", 1);
INSERT INTO modelos (mod_id, mod_nome, mar_id) VALUES (46, "1214", 1);
INSERT INTO modelos (mod_id, mod_nome, mar_id) VALUES (47, "1215", 1);
INSERT INTO modelos (mod_id, mod_nome, mar_id) VALUES (48, "1218", 1);
INSERT INTO modelos (mod_id, mod_nome, mar_id) VALUES (49, "1313", 1);
INSERT INTO modelos (mod_id, mod_nome, mar_id) VALUES (50, "1316", 1);
INSERT INTO modelos (mod_id, mod_nome, mar_id) VALUES (51, "1317", 1);
INSERT INTO modelos (mod_id, mod_nome, mar_id) VALUES (52, "1318", 1);
INSERT INTO modelos (mod_id, mod_nome, mar_id) VALUES (53, "1414", 1);
INSERT INTO modelos (mod_id, mod_nome, mar_id) VALUES (54, "1420", 1);
INSERT INTO modelos (mod_id, mod_nome, mar_id) VALUES (55, "1513", 1);
INSERT INTO modelos (mod_id, mod_nome, mar_id) VALUES (56, "1516", 1);
INSERT INTO modelos (mod_id, mod_nome, mar_id) VALUES (57, "1517", 1);
INSERT INTO modelos (mod_id, mod_nome, mar_id) VALUES (58, "1519", 1);
INSERT INTO modelos (mod_id, mod_nome, mar_id) VALUES (59, "1520", 1);
INSERT INTO modelos (mod_id, mod_nome, mar_id) VALUES (60, "1524", 1);
INSERT INTO modelos (mod_id, mod_nome, mar_id) VALUES (61, "1525", 1);
INSERT INTO modelos (mod_id, mod_nome, mar_id) VALUES (62, "1600", 1);
INSERT INTO modelos (mod_id, mod_nome, mar_id) VALUES (63, "1614", 1);
INSERT INTO modelos (mod_id, mod_nome, mar_id) VALUES (64, "1618", 1);
INSERT INTO modelos (mod_id, mod_nome, mar_id) VALUES (65, "1620", 1);
INSERT INTO modelos (mod_id, mod_nome, mar_id) VALUES (66, "1621", 1);
INSERT INTO modelos (mod_id, mod_nome, mar_id) VALUES (67, "1622", 1);
INSERT INTO modelos (mod_id, mod_nome, mar_id) VALUES (68, "1625", 1);
INSERT INTO modelos (mod_id, mod_nome, mar_id) VALUES (69, "1630", 1);
INSERT INTO modelos (mod_id, mod_nome, mar_id) VALUES (70, "1632", 1);
INSERT INTO modelos (mod_id, mod_nome, mar_id) VALUES (71, "1634", 1);
INSERT INTO modelos (mod_id, mod_nome, mar_id) VALUES (72, "1714", 1);
INSERT INTO modelos (mod_id, mod_nome, mar_id) VALUES (73, "1720", 1);
INSERT INTO modelos (mod_id, mod_nome, mar_id) VALUES (74, "1721", 1);
INSERT INTO modelos (mod_id, mod_nome, mar_id) VALUES (75, "1723", 1);
INSERT INTO modelos (mod_id, mod_nome, mar_id) VALUES (76, "1800", 1);
INSERT INTO modelos (mod_id, mod_nome, mar_id) VALUES (77, "1924", 1);
INSERT INTO modelos (mod_id, mod_nome, mar_id) VALUES (78, "1929", 1);
INSERT INTO modelos (mod_id, mod_nome, mar_id) VALUES (79, "1932", 1);
INSERT INTO modelos (mod_id, mod_nome, mar_id) VALUES (80, "1934", 1);
INSERT INTO modelos (mod_id, mod_nome, mar_id) VALUES (81, "1935", 1);
INSERT INTO modelos (mod_id, mod_nome, mar_id) VALUES (82, "1938", 1);
INSERT INTO modelos (mod_id, mod_nome, mar_id) VALUES (83, "2000", 1);
INSERT INTO modelos (mod_id, mod_nome, mar_id) VALUES (84, "2013", 1);
INSERT INTO modelos (mod_id, mod_nome, mar_id) VALUES (85, "2038", 1);
INSERT INTO modelos (mod_id, mod_nome, mar_id) VALUES (86, "2213", 1);
INSERT INTO modelos (mod_id, mod_nome, mar_id) VALUES (87, "2219", 1);
INSERT INTO modelos (mod_id, mod_nome, mar_id) VALUES (88, "2418", 1);
INSERT INTO modelos (mod_id, mod_nome, mar_id) VALUES (89, "2423", 1);
INSERT INTO modelos (mod_id, mod_nome, mar_id) VALUES (90, "2555", 1);
INSERT INTO modelos (mod_id, mod_nome, mar_id) VALUES (91, "2621", 1);
INSERT INTO modelos (mod_id, mod_nome, mar_id) VALUES (92, "2635", 1);
INSERT INTO modelos (mod_id, mod_nome, mar_id) VALUES (93, "2638", 1);
INSERT INTO modelos (mod_id, mod_nome, mar_id) VALUES (94, "2726", 1);
INSERT INTO modelos (mod_id, mod_nome, mar_id) VALUES (95, "3500", 1);
INSERT INTO modelos (mod_id, mod_nome, mar_id) VALUES (96, "4500", 1);
INSERT INTO modelos (mod_id, mod_nome, mar_id) VALUES (97, "5000", 1);
INSERT INTO modelos (mod_id, mod_nome, mar_id) VALUES (98, "6000", 1);
INSERT INTO modelos (mod_id, mod_nome, mar_id) VALUES (99, "7000", 1);
INSERT INTO modelos (mod_id, mod_nome, mar_id) VALUES (100, "7500", 1);
INSERT INTO modelos (mod_id, mod_nome, mar_id) VALUES (101, "7900", 1);
INSERT INTO modelos (mod_id, mod_nome, mar_id) VALUES (102, "8000", 1);
INSERT INTO modelos (mod_id, mod_nome, mar_id) VALUES (103, "8500", 1);
INSERT INTO modelos (mod_id, mod_nome, mar_id) VALUES (104, "8700", 1);
INSERT INTO modelos (mod_id, mod_nome, mar_id) VALUES (105, "9000", 1);
INSERT INTO modelos (mod_id, mod_nome, mar_id) VALUES (106, "9200", 1);
INSERT INTO modelos (mod_id, mod_nome, mar_id) VALUES (107, "10000", 1);
INSERT INTO modelos (mod_id, mod_nome, mar_id) VALUES (108, "13000", 1);
INSERT INTO modelos (mod_id, mod_nome, mar_id) VALUES (109, "14000", 1);
INSERT INTO modelos (mod_id, mod_nome, mar_id) VALUES (110, "19000", 1);
INSERT INTO modelos (mod_id, mod_nome, mar_id) VALUES (111, "21000", 1);
INSERT INTO modelos (mod_id, mod_nome, mar_id) VALUES (112, "22000", 1);
INSERT INTO modelos (mod_id, mod_nome, mar_id) VALUES (113, "24250", 1);
INSERT INTO modelos (mod_id, mod_nome, mar_id) VALUES (114, "0-400", 1);
INSERT INTO modelos (mod_id, mod_nome, mar_id) VALUES (115, "11-130", 1);
INSERT INTO modelos (mod_id, mod_nome, mar_id) VALUES (116, "11-140", 1);
INSERT INTO modelos (mod_id, mod_nome, mar_id) VALUES (117, "11-160", 1);
INSERT INTO modelos (mod_id, mod_nome, mar_id) VALUES (118, "12-140", 1);
INSERT INTO modelos (mod_id, mod_nome, mar_id) VALUES (119, "12-170", 1);
INSERT INTO modelos (mod_id, mod_nome, mar_id) VALUES (120, "12-170", 1);
INSERT INTO modelos (mod_id, mod_nome, mar_id) VALUES (121, "12-180", 1);
INSERT INTO modelos (mod_id, mod_nome, mar_id) VALUES (122, "13-130", 1);
INSERT INTO modelos (mod_id, mod_nome, mar_id) VALUES (123, "13-150", 1);
INSERT INTO modelos (mod_id, mod_nome, mar_id) VALUES (124, "13-170", 1);
INSERT INTO modelos (mod_id, mod_nome, mar_id) VALUES (125, "14-140", 1);
INSERT INTO modelos (mod_id, mod_nome, mar_id) VALUES (126, "14-150", 1);
INSERT INTO modelos (mod_id, mod_nome, mar_id) VALUES (127, "14-170", 1);
INSERT INTO modelos (mod_id, mod_nome, mar_id) VALUES (128, "14-180", 1);
INSERT INTO modelos (mod_id, mod_nome, mar_id) VALUES (129, "14-190", 1);
INSERT INTO modelos (mod_id, mod_nome, mar_id) VALUES (130, "14-200", 1);
INSERT INTO modelos (mod_id, mod_nome, mar_id) VALUES (131, "14-210", 1);
INSERT INTO modelos (mod_id, mod_nome, mar_id) VALUES (132, "14-220", 1);
INSERT INTO modelos (mod_id, mod_nome, mar_id) VALUES (133, "15-170", 1);
INSERT INTO modelos (mod_id, mod_nome, mar_id) VALUES (134, "15-190", 1);
INSERT INTO modelos (mod_id, mod_nome, mar_id) VALUES (135, "15-210", 1);
INSERT INTO modelos (mod_id, mod_nome, mar_id) VALUES (136, "16-170", 1);
INSERT INTO modelos (mod_id, mod_nome, mar_id) VALUES (137, "16-180", 1);
INSERT INTO modelos (mod_id, mod_nome, mar_id) VALUES (138, "16-200", 1);
INSERT INTO modelos (mod_id, mod_nome, mar_id) VALUES (139, "16-210", 1);
INSERT INTO modelos (mod_id, mod_nome, mar_id) VALUES (140, "16-220", 1);
INSERT INTO modelos (mod_id, mod_nome, mar_id) VALUES (141, "16-220", 1);
INSERT INTO modelos (mod_id, mod_nome, mar_id) VALUES (142, "16-300", 1);
INSERT INTO modelos (mod_id, mod_nome, mar_id) VALUES (143, "17-180", 1);
INSERT INTO modelos (mod_id, mod_nome, mar_id) VALUES (144, "17-210", 1);
INSERT INTO modelos (mod_id, mod_nome, mar_id) VALUES (145, "17-220", 1);
INSERT INTO modelos (mod_id, mod_nome, mar_id) VALUES (146, "17-230", 1);
INSERT INTO modelos (mod_id, mod_nome, mar_id) VALUES (147, "17-240", 1);
INSERT INTO modelos (mod_id, mod_nome, mar_id) VALUES (148, "17-260", 1);
INSERT INTO modelos (mod_id, mod_nome, mar_id) VALUES (149, "17-280", 1);
INSERT INTO modelos (mod_id, mod_nome, mar_id) VALUES (150, "17-300", 1);
INSERT INTO modelos (mod_id, mod_nome, mar_id) VALUES (151, "17-310", 1);
INSERT INTO modelos (mod_id, mod_nome, mar_id) VALUES (152, "17-330", 1);
INSERT INTO modelos (mod_id, mod_nome, mar_id) VALUES (153, "18-310", 1);
INSERT INTO modelos (mod_id, mod_nome, mar_id) VALUES (154, "18-320", 1);
INSERT INTO modelos (mod_id, mod_nome, mar_id) VALUES (155, "18-330", 1);
INSERT INTO modelos (mod_id, mod_nome, mar_id) VALUES (156, "19-330", 1);
INSERT INTO modelos (mod_id, mod_nome, mar_id) VALUES (157, "19-390", 1);
INSERT INTO modelos (mod_id, mod_nome, mar_id) VALUES (158, "1944-S", 1);
INSERT INTO modelos (mod_id, mod_nome, mar_id) VALUES (159, "22-140", 1);
INSERT INTO modelos (mod_id, mod_nome, mar_id) VALUES (160, "22-160", 1);
INSERT INTO modelos (mod_id, mod_nome, mar_id) VALUES (161, "22-210", 1);
INSERT INTO modelos (mod_id, mod_nome, mar_id) VALUES (162, "23-210", 1);
INSERT INTO modelos (mod_id, mod_nome, mar_id) VALUES (163, "23-220", 1);
INSERT INTO modelos (mod_id, mod_nome, mar_id) VALUES (164, "23-250", 1);
INSERT INTO modelos (mod_id, mod_nome, mar_id) VALUES (165, "23-310", 1);
INSERT INTO modelos (mod_id, mod_nome, mar_id) VALUES (166, "24-220", 1);
INSERT INTO modelos (mod_id, mod_nome, mar_id) VALUES (167, "24-230", 1);
INSERT INTO modelos (mod_id, mod_nome, mar_id) VALUES (168, "24-280", 1);
INSERT INTO modelos (mod_id, mod_nome, mar_id) VALUES (169, "24-330", 1);
INSERT INTO modelos (mod_id, mod_nome, mar_id) VALUES (170, "25-390", 1);
INSERT INTO modelos (mod_id, mod_nome, mar_id) VALUES (171, "26-220", 1);
INSERT INTO modelos (mod_id, mod_nome, mar_id) VALUES (172, "26-280", 1);
INSERT INTO modelos (mod_id, mod_nome, mar_id) VALUES (173, "26-300", 1);
INSERT INTO modelos (mod_id, mod_nome, mar_id) VALUES (174, "26-310", 1);
INSERT INTO modelos (mod_id, mod_nome, mar_id) VALUES (175, "26-390", 1);
INSERT INTO modelos (mod_id, mod_nome, mar_id) VALUES (176, "28-440", 1);
INSERT INTO modelos (mod_id, mod_nome, mar_id) VALUES (177, "29-440", 1);
INSERT INTO modelos (mod_id, mod_nome, mar_id) VALUES (178, "31-280", 1);
INSERT INTO modelos (mod_id, mod_nome, mar_id) VALUES (179, "31-310", 1);
INSERT INTO modelos (mod_id, mod_nome, mar_id) VALUES (180, "31-330", 1);
INSERT INTO modelos (mod_id, mod_nome, mar_id) VALUES (181, "31-390", 1);
INSERT INTO modelos (mod_id, mod_nome, mar_id) VALUES (182, "31-440", 1);
INSERT INTO modelos (mod_id, mod_nome, mar_id) VALUES (183, "33-440", 1);
INSERT INTO modelos (mod_id, mod_nome, mar_id) VALUES (184, "35-10", 1);
INSERT INTO modelos (mod_id, mod_nome, mar_id) VALUES (185, "35-300", 1);
INSERT INTO modelos (mod_id, mod_nome, mar_id) VALUES (186, "40-300", 1);
INSERT INTO modelos (mod_id, mod_nome, mar_id) VALUES (187, "6-100", 1);
INSERT INTO modelos (mod_id, mod_nome, mar_id) VALUES (188, "6-150", 1);
INSERT INTO modelos (mod_id, mod_nome, mar_id) VALUES (189, "7000D", 1);
INSERT INTO modelos (mod_id, mod_nome, mar_id) VALUES (190, "7-100", 1);
INSERT INTO modelos (mod_id, mod_nome, mar_id) VALUES (191, "7-110", 1);
INSERT INTO modelos (mod_id, mod_nome, mar_id) VALUES (192, "7-110", 1);
INSERT INTO modelos (mod_id, mod_nome, mar_id) VALUES (193, "80S", 1);
INSERT INTO modelos (mod_id, mod_nome, mar_id) VALUES (194, "8-100", 1);
INSERT INTO modelos (mod_id, mod_nome, mar_id) VALUES (195, "8-120", 1);
INSERT INTO modelos (mod_id, mod_nome, mar_id) VALUES (196, "8-140", 1);
INSERT INTO modelos (mod_id, mod_nome, mar_id) VALUES (197, "ACCELO", 1);
INSERT INTO modelos (mod_id, mod_nome, mar_id) VALUES (198, "ACTROS", 1);
INSERT INTO modelos (mod_id, mod_nome, mar_id) VALUES (199, "ATEGO", 1);
INSERT INTO modelos (mod_id, mod_nome, mar_id) VALUES (200, "ATILIS", 1);
INSERT INTO modelos (mod_id, mod_nome, mar_id) VALUES (201, "ATRON", 1);
INSERT INTO modelos (mod_id, mod_nome, mar_id) VALUES (202, "AXOR", 1);
INSERT INTO modelos (mod_id, mod_nome, mar_id) VALUES (203, "B-110", 1);
INSERT INTO modelos (mod_id, mod_nome, mar_id) VALUES (204, "B-111", 1);
INSERT INTO modelos (mod_id, mod_nome, mar_id) VALUES (205, "BITREM", 1);
INSERT INTO modelos (mod_id, mod_nome, mar_id) VALUES (206, "BI-TREM", 1);
INSERT INTO modelos (mod_id, mod_nome, mar_id) VALUES (207, "BR-115", 1);
INSERT INTO modelos (mod_id, mod_nome, mar_id) VALUES (208, "BR-116", 1);
INSERT INTO modelos (mod_id, mod_nome, mar_id) VALUES (209, "C-60", 1);
INSERT INTO modelos (mod_id, mod_nome, mar_id) VALUES (210, "C-65", 1);
INSERT INTO modelos (mod_id, mod_nome, mar_id) VALUES (211, "CARGO", 1);
INSERT INTO modelos (mod_id, mod_nome, mar_id) VALUES (212, "CARREGADEIRA", 1);
INSERT INTO modelos (mod_id, mod_nome, mar_id) VALUES (213, "CITYCLASS", 1);
INSERT INTO modelos (mod_id, mod_nome, mar_id) VALUES (214, "COE", 1);
INSERT INTO modelos (mod_id, mod_nome, mar_id) VALUES (215, "COE", 1);
INSERT INTO modelos (mod_id, mod_nome, mar_id) VALUES (216, "CONSTELLATION", 1);
INSERT INTO modelos (mod_id, mod_nome, mar_id) VALUES (217, "CURSOR", 1);
INSERT INTO modelos (mod_id, mod_nome, mar_id) VALUES (218, "D-11000", 1);
INSERT INTO modelos (mod_id, mod_nome, mar_id) VALUES (219, "D-1200", 1);
INSERT INTO modelos (mod_id, mod_nome, mar_id) VALUES (220, "D-12000", 1);
INSERT INTO modelos (mod_id, mod_nome, mar_id) VALUES (221, "D-13000", 1);
INSERT INTO modelos (mod_id, mod_nome, mar_id) VALUES (222, "D-14000", 1);
INSERT INTO modelos (mod_id, mod_nome, mar_id) VALUES (223, "D-40", 1);
INSERT INTO modelos (mod_id, mod_nome, mar_id) VALUES (224, "D-60", 1);
INSERT INTO modelos (mod_id, mod_nome, mar_id) VALUES (225, "D-6000", 1);
INSERT INTO modelos (mod_id, mod_nome, mar_id) VALUES (226, "D-65", 1);
INSERT INTO modelos (mod_id, mod_nome, mar_id) VALUES (227, "D-70", 1);
INSERT INTO modelos (mod_id, mod_nome, mar_id) VALUES (228, "DAILY", 1);
INSERT INTO modelos (mod_id, mod_nome, mar_id) VALUES (229, "DELIVERY", 1);
INSERT INTO modelos (mod_id, mod_nome, mar_id) VALUES (230, "DURASTAR", 1);
INSERT INTO modelos (mod_id, mod_nome, mar_id) VALUES (231, "EMPILHADEIRA", 1);
INSERT INTO modelos (mod_id, mod_nome, mar_id) VALUES (232, "ESCAVADEIRA", 1);
INSERT INTO modelos (mod_id, mod_nome, mar_id) VALUES (233, "EUROCARGO", 1);
INSERT INTO modelos (mod_id, mod_nome, mar_id) VALUES (234, "EUROTECH", 1);
INSERT INTO modelos (mod_id, mod_nome, mar_id) VALUES (235, "EUROTRAKKER", 1);
INSERT INTO modelos (mod_id, mod_nome, mar_id) VALUES (236, "F-11000", 1);
INSERT INTO modelos (mod_id, mod_nome, mar_id) VALUES (237, "F-12000", 1);
INSERT INTO modelos (mod_id, mod_nome, mar_id) VALUES (238, "F-13000", 1);
INSERT INTO modelos (mod_id, mod_nome, mar_id) VALUES (239, "F-14000", 1);
INSERT INTO modelos (mod_id, mod_nome, mar_id) VALUES (240, "F-16000", 1);
INSERT INTO modelos (mod_id, mod_nome, mar_id) VALUES (241, "F-19000", 1);
INSERT INTO modelos (mod_id, mod_nome, mar_id) VALUES (242, "F-2000", 1);
INSERT INTO modelos (mod_id, mod_nome, mar_id) VALUES (243, "F-21000", 1);
INSERT INTO modelos (mod_id, mod_nome, mar_id) VALUES (244, "F-22000", 1);
INSERT INTO modelos (mod_id, mod_nome, mar_id) VALUES (245, "F-350", 1);
INSERT INTO modelos (mod_id, mod_nome, mar_id) VALUES (246, "F-3500", 1);
INSERT INTO modelos (mod_id, mod_nome, mar_id) VALUES (247, "F-4", 1);
INSERT INTO modelos (mod_id, mod_nome, mar_id) VALUES (248, "F-400", 1);
INSERT INTO modelos (mod_id, mod_nome, mar_id) VALUES (249, "F-4000", 1);
INSERT INTO modelos (mod_id, mod_nome, mar_id) VALUES (250, "F-6", 1);
INSERT INTO modelos (mod_id, mod_nome, mar_id) VALUES (251, "F-600", 1);
INSERT INTO modelos (mod_id, mod_nome, mar_id) VALUES (252, "F-7000", 1);
INSERT INTO modelos (mod_id, mod_nome, mar_id) VALUES (253, "F-750", 1);
INSERT INTO modelos (mod_id, mod_nome, mar_id) VALUES (254, "F-8", 1);
INSERT INTO modelos (mod_id, mod_nome, mar_id) VALUES (255, "F-8000", 1);
INSERT INTO modelos (mod_id, mod_nome, mar_id) VALUES (256, "FH GLOBETROTTER SERIES", 1);
INSERT INTO modelos (mod_id, mod_nome, mar_id) VALUES (257, "FH SERIES", 1);
INSERT INTO modelos (mod_id, mod_nome, mar_id) VALUES (258, "FL SERIES", 1);
INSERT INTO modelos (mod_id, mod_nome, mar_id) VALUES (259, "FM SERIES", 1);
INSERT INTO modelos (mod_id, mod_nome, mar_id) VALUES (260, "F-MAXX", 1);
INSERT INTO modelos (mod_id, mod_nome, mar_id) VALUES (261, "FMX SERIES", 1);
INSERT INTO modelos (mod_id, mod_nome, mar_id) VALUES (262, "GRANMICRO", 1);
INSERT INTO modelos (mod_id, mod_nome, mar_id) VALUES (263, "GUINCHO", 1);
INSERT INTO modelos (mod_id, mod_nome, mar_id) VALUES (264, "GUINDASTE", 1);
INSERT INTO modelos (mod_id, mod_nome, mar_id) VALUES (265, "HD78", 1);
INSERT INTO modelos (mod_id, mod_nome, mar_id) VALUES (266, "HOWO", 1);
INSERT INTO modelos (mod_id, mod_nome, mar_id) VALUES (267, "INTERNATIONAL", 1);
INSERT INTO modelos (mod_id, mod_nome, mar_id) VALUES (268, "JBC", 1);
INSERT INTO modelos (mod_id, mod_nome, mar_id) VALUES (269, "L-1117", 1);
INSERT INTO modelos (mod_id, mod_nome, mar_id) VALUES (270, "L-1118", 1);
INSERT INTO modelos (mod_id, mod_nome, mar_id) VALUES (271, "L-1313", 1);
INSERT INTO modelos (mod_id, mod_nome, mar_id) VALUES (272, "L-1314", 1);
INSERT INTO modelos (mod_id, mod_nome, mar_id) VALUES (273, "L-1317", 1);
INSERT INTO modelos (mod_id, mod_nome, mar_id) VALUES (274, "L-1319", 1);
INSERT INTO modelos (mod_id, mod_nome, mar_id) VALUES (275, "L-1514", 1);
INSERT INTO modelos (mod_id, mod_nome, mar_id) VALUES (276, "L-1517", 1);
INSERT INTO modelos (mod_id, mod_nome, mar_id) VALUES (277, "L-2014", 1);
INSERT INTO modelos (mod_id, mod_nome, mar_id) VALUES (278, "L-2017", 1);
INSERT INTO modelos (mod_id, mod_nome, mar_id) VALUES (279, "L-2213", 1);
INSERT INTO modelos (mod_id, mod_nome, mar_id) VALUES (280, "L-2214", 1);
INSERT INTO modelos (mod_id, mod_nome, mar_id) VALUES (281, "L-2215", 1);
INSERT INTO modelos (mod_id, mod_nome, mar_id) VALUES (282, "L-2216", 1);
INSERT INTO modelos (mod_id, mod_nome, mar_id) VALUES (283, "L-2217", 1);
INSERT INTO modelos (mod_id, mod_nome, mar_id) VALUES (284, "L-2220", 1);
INSERT INTO modelos (mod_id, mod_nome, mar_id) VALUES (285, "L-2225", 1);
INSERT INTO modelos (mod_id, mod_nome, mar_id) VALUES (286, "L-2314", 1);
INSERT INTO modelos (mod_id, mod_nome, mar_id) VALUES (287, "L-2318", 1);
INSERT INTO modelos (mod_id, mod_nome, mar_id) VALUES (288, "L-2325", 1);
INSERT INTO modelos (mod_id, mod_nome, mar_id) VALUES (289, "L-71", 1);
INSERT INTO modelos (mod_id, mod_nome, mar_id) VALUES (290, "L-75", 1);
INSERT INTO modelos (mod_id, mod_nome, mar_id) VALUES (291, "L-76", 1);
INSERT INTO modelos (mod_id, mod_nome, mar_id) VALUES (292, "L-80", 1);
INSERT INTO modelos (mod_id, mod_nome, mar_id) VALUES (293, "L-80", 1);
INSERT INTO modelos (mod_id, mod_nome, mar_id) VALUES (294, "LK-140", 1);
INSERT INTO modelos (mod_id, mod_nome, mar_id) VALUES (295, "LS-1632", 1);
INSERT INTO modelos (mod_id, mod_nome, mar_id) VALUES (296, "LS-1941", 1);
INSERT INTO modelos (mod_id, mod_nome, mar_id) VALUES (297, "MARTA-ROCHA", 1);
INSERT INTO modelos (mod_id, mod_nome, mar_id) VALUES (298, "MASCARELLO", 1);
INSERT INTO modelos (mod_id, mod_nome, mar_id) VALUES (299, "MATRA", 1);
INSERT INTO modelos (mod_id, mod_nome, mar_id) VALUES (300, "MICRO-ONIBUS", 1);
INSERT INTO modelos (mod_id, mod_nome, mar_id) VALUES (301, "MOTONIVELADORA", 1);
INSERT INTO modelos (mod_id, mod_nome, mar_id) VALUES (302, "MOTOR-HOME", 1);
INSERT INTO modelos (mod_id, mod_nome, mar_id) VALUES (303, "MUNCK", 1);
INSERT INTO modelos (mod_id, mod_nome, mar_id) VALUES (304, "N SERIES", 1);
INSERT INTO modelos (mod_id, mod_nome, mar_id) VALUES (305, "N601", 1);
INSERT INTO modelos (mod_id, mod_nome, mar_id) VALUES (306, "N900", 1);
INSERT INTO modelos (mod_id, mod_nome, mar_id) VALUES (307, "NH SERIES", 1);
INSERT INTO modelos (mod_id, mod_nome, mar_id) VALUES (308, "NL SERIES", 1);
INSERT INTO modelos (mod_id, mod_nome, mar_id) VALUES (309, "ONIBUS", 1);
INSERT INTO modelos (mod_id, mod_nome, mar_id) VALUES (310, "P-250", 1);
INSERT INTO modelos (mod_id, mod_nome, mar_id) VALUES (311, "P-270", 1);
INSERT INTO modelos (mod_id, mod_nome, mar_id) VALUES (312, "P-310", 1);
INSERT INTO modelos (mod_id, mod_nome, mar_id) VALUES (313, "P-330", 1);
INSERT INTO modelos (mod_id, mod_nome, mar_id) VALUES (314, "P-340", 1);
INSERT INTO modelos (mod_id, mod_nome, mar_id) VALUES (315, "PA CARREGADEIRA", 1);
INSERT INTO modelos (mod_id, mod_nome, mar_id) VALUES (316, "PERFURATRIZ", 1);
INSERT INTO modelos (mod_id, mod_nome, mar_id) VALUES (317, "POLIGUINDASTE", 1);
INSERT INTO modelos (mod_id, mod_nome, mar_id) VALUES (318, "POWERSTAR", 1);
INSERT INTO modelos (mod_id, mod_nome, mar_id) VALUES (319, "R-112", 1);
INSERT INTO modelos (mod_id, mod_nome, mar_id) VALUES (320, "R-142", 1);
INSERT INTO modelos (mod_id, mod_nome, mar_id) VALUES (321, "R-500", 1);
INSERT INTO modelos (mod_id, mod_nome, mar_id) VALUES (322, "R-560", 1);
INSERT INTO modelos (mod_id, mod_nome, mar_id) VALUES (323, "R-580", 1);
INSERT INTO modelos (mod_id, mod_nome, mar_id) VALUES (324, "R-620", 1);
INSERT INTO modelos (mod_id, mod_nome, mar_id) VALUES (325, "STRALIS", 1);
INSERT INTO modelos (mod_id, mod_nome, mar_id) VALUES (326, "T-112", 1);
INSERT INTO modelos (mod_id, mod_nome, mar_id) VALUES (327, "T-142", 1);
INSERT INTO modelos (mod_id, mod_nome, mar_id) VALUES (328, "TANQUE", 1);
INSERT INTO modelos (mod_id, mod_nome, mar_id) VALUES (329, "TECTOR", 1);
INSERT INTO modelos (mod_id, mod_nome, mar_id) VALUES (330, "TGX", 1);
INSERT INTO modelos (mod_id, mod_nome, mar_id) VALUES (331, "TRAILER", 1);
INSERT INTO modelos (mod_id, mod_nome, mar_id) VALUES (332, "TRAKKER", 1);
INSERT INTO modelos (mod_id, mod_nome, mar_id) VALUES (333, "VERTIS", 1);
INSERT INTO modelos (mod_id, mod_nome, mar_id) VALUES (334, "VM SERIES", 1);
INSERT INTO modelos (mod_id, mod_nome, mar_id) VALUES (335, "WORKER", 1);

-- INSERT's PARA TABELA MODELOS DE CARROS
INSERT INTO modelos (mod_id, mod_nome, mar_id) VALUES (336, "INTEGRA", 2);
INSERT INTO modelos (mod_id, mod_nome, mar_id) VALUES (337, "LEGEND", 2);
INSERT INTO modelos (mod_id, mod_nome, mar_id) VALUES (338, "NSX", 2);
INSERT INTO modelos (mod_id, mod_nome, mar_id) VALUES (339, "MARRUA", 2);
INSERT INTO modelos (mod_id, mod_nome, mar_id) VALUES (340, "145", 2);
INSERT INTO modelos (mod_id, mod_nome, mar_id) VALUES (341, "147", 2);
INSERT INTO modelos (mod_id, mod_nome, mar_id) VALUES (342, "155", 2);
INSERT INTO modelos (mod_id, mod_nome, mar_id) VALUES (343, "156", 2);
INSERT INTO modelos (mod_id, mod_nome, mar_id) VALUES (344, "164", 2);
INSERT INTO modelos (mod_id, mod_nome, mar_id) VALUES (345, "166", 2);
INSERT INTO modelos (mod_id, mod_nome, mar_id) VALUES (346, "2300", 2);
INSERT INTO modelos (mod_id, mod_nome, mar_id) VALUES (347, "SPIDER", 2);
INSERT INTO modelos (mod_id, mod_nome, mar_id) VALUES (348, "HUMMER", 2);
INSERT INTO modelos (mod_id, mod_nome, mar_id) VALUES (349, "A1", 2);
INSERT INTO modelos (mod_id, mod_nome, mar_id) VALUES (350, "A3", 2);
INSERT INTO modelos (mod_id, mod_nome, mar_id) VALUES (351, "A4 SEDAN", 2);
INSERT INTO modelos (mod_id, mod_nome, mar_id) VALUES (352, "A5 COUPE", 2);
INSERT INTO modelos (mod_id, mod_nome, mar_id) VALUES (353, "A6 SEDAN", 2);
INSERT INTO modelos (mod_id, mod_nome, mar_id) VALUES (354, "A7", 2);
INSERT INTO modelos (mod_id, mod_nome, mar_id) VALUES (355, "A8", 2);
INSERT INTO modelos (mod_id, mod_nome, mar_id) VALUES (356, "Q3", 2);
INSERT INTO modelos (mod_id, mod_nome, mar_id) VALUES (357, "Q5", 2);
INSERT INTO modelos (mod_id, mod_nome, mar_id) VALUES (358, "Q7", 2);
INSERT INTO modelos (mod_id, mod_nome, mar_id) VALUES (359, "R8", 2);
INSERT INTO modelos (mod_id, mod_nome, mar_id) VALUES (360, "RS3", 2);
INSERT INTO modelos (mod_id, mod_nome, mar_id) VALUES (361, "RS4", 2);
INSERT INTO modelos (mod_id, mod_nome, mar_id) VALUES (362, "RS5", 2);
INSERT INTO modelos (mod_id, mod_nome, mar_id) VALUES (363, "RS6", 2);
INSERT INTO modelos (mod_id, mod_nome, mar_id) VALUES (364, "S3", 2);
INSERT INTO modelos (mod_id, mod_nome, mar_id) VALUES (365, "S4 SEDAN", 2);
INSERT INTO modelos (mod_id, mod_nome, mar_id) VALUES (366, "S6 SEDAN", 2);
INSERT INTO modelos (mod_id, mod_nome, mar_id) VALUES (367, "S8", 2);
INSERT INTO modelos (mod_id, mod_nome, mar_id) VALUES (368, "TT", 2);
INSERT INTO modelos (mod_id, mod_nome, mar_id) VALUES (369, "TTS", 2);
INSERT INTO modelos (mod_id, mod_nome, mar_id) VALUES (370, "BUGGY", 2);
INSERT INTO modelos (mod_id, mod_nome, mar_id) VALUES (371, "DEVILLE", 2);
INSERT INTO modelos (mod_id, mod_nome, mar_id) VALUES (372, "ELDORADO", 2);
INSERT INTO modelos (mod_id, mod_nome, mar_id) VALUES (373, "SEVILLE", 2);
INSERT INTO modelos (mod_id, mod_nome, mar_id) VALUES (374, "JAVALI", 2);
INSERT INTO modelos (mod_id, mod_nome, mar_id) VALUES (375, "QQ", 2);
INSERT INTO modelos (mod_id, mod_nome, mar_id) VALUES (376, "TIGGO", 2);
INSERT INTO modelos (mod_id, mod_nome, mar_id) VALUES (377, "300C", 2);
INSERT INTO modelos (mod_id, mod_nome, mar_id) VALUES (378, "CARAVAN", 2);
INSERT INTO modelos (mod_id, mod_nome, mar_id) VALUES (379, "CIRRUS", 2);
INSERT INTO modelos (mod_id, mod_nome, mar_id) VALUES (380, "GRAN CARAVAN", 2);
INSERT INTO modelos (mod_id, mod_nome, mar_id) VALUES (381, "PT CRUISER", 2);
INSERT INTO modelos (mod_id, mod_nome, mar_id) VALUES (382, "STRATUS", 2);
INSERT INTO modelos (mod_id, mod_nome, mar_id) VALUES (383, "AIRCROSS", 2);
INSERT INTO modelos (mod_id, mod_nome, mar_id) VALUES (384, "AX", 2);
INSERT INTO modelos (mod_id, mod_nome, mar_id) VALUES (385, "C3", 2);
INSERT INTO modelos (mod_id, mod_nome, mar_id) VALUES (386, "C4", 2);
INSERT INTO modelos (mod_id, mod_nome, mar_id) VALUES (387, "C5", 2);
INSERT INTO modelos (mod_id, mod_nome, mar_id) VALUES (388, "C6", 2);
INSERT INTO modelos (mod_id, mod_nome, mar_id) VALUES (389, "C8", 2);
INSERT INTO modelos (mod_id, mod_nome, mar_id) VALUES (390, "DS3", 2);
INSERT INTO modelos (mod_id, mod_nome, mar_id) VALUES (391, "XM", 2);
INSERT INTO modelos (mod_id, mod_nome, mar_id) VALUES (392, "XSARA", 2);
INSERT INTO modelos (mod_id, mod_nome, mar_id) VALUES (393, "ZX", 2);
INSERT INTO modelos (mod_id, mod_nome, mar_id) VALUES (394, "CL-244", 2);
INSERT INTO modelos (mod_id, mod_nome, mar_id) VALUES (395, "CL-330", 2);
INSERT INTO modelos (mod_id, mod_nome, mar_id) VALUES (396, "DAKOTA", 2);
INSERT INTO modelos (mod_id, mod_nome, mar_id) VALUES (397, "JOURNEY", 2);
INSERT INTO modelos (mod_id, mod_nome, mar_id) VALUES (398, "RAM", 2);
INSERT INTO modelos (mod_id, mod_nome, mar_id) VALUES (399, "STEALTH", 2);
INSERT INTO modelos (mod_id, mod_nome, mar_id) VALUES (400, "M-100", 2);
INSERT INTO modelos (mod_id, mod_nome, mar_id) VALUES (401, "348", 2);
INSERT INTO modelos (mod_id, mod_nome, mar_id) VALUES (402, "355", 2);
INSERT INTO modelos (mod_id, mod_nome, mar_id) VALUES (403, "360", 2);
INSERT INTO modelos (mod_id, mod_nome, mar_id) VALUES (404, "456", 2);
INSERT INTO modelos (mod_id, mod_nome, mar_id) VALUES (405, "550", 2);
INSERT INTO modelos (mod_id, mod_nome, mar_id) VALUES (406, "575M", 2);
INSERT INTO modelos (mod_id, mod_nome, mar_id) VALUES (407, "612", 2);
INSERT INTO modelos (mod_id, mod_nome, mar_id) VALUES (408, "CALIFORNIA", 2);
INSERT INTO modelos (mod_id, mod_nome, mar_id) VALUES (409, "F430", 2);
INSERT INTO modelos (mod_id, mod_nome, mar_id) VALUES (410, "F599", 2);
INSERT INTO modelos (mod_id, mod_nome, mar_id) VALUES (411, "147", 2);
INSERT INTO modelos (mod_id, mod_nome, mar_id) VALUES (412, "500", 2);
INSERT INTO modelos (mod_id, mod_nome, mar_id) VALUES (413, "BRAVA", 2);
INSERT INTO modelos (mod_id, mod_nome, mar_id) VALUES (414, "BRAVO", 2);
INSERT INTO modelos (mod_id, mod_nome, mar_id) VALUES (415, "COUPE", 2);
INSERT INTO modelos (mod_id, mod_nome, mar_id) VALUES (416, "DOBLO", 2);
INSERT INTO modelos (mod_id, mod_nome, mar_id) VALUES (417, "DUCATO CARGO", 2);
INSERT INTO modelos (mod_id, mod_nome, mar_id) VALUES (418, "DUNA", 2);
INSERT INTO modelos (mod_id, mod_nome, mar_id) VALUES (419, "ELBA", 2);
INSERT INTO modelos (mod_id, mod_nome, mar_id) VALUES (420, "FIORINO", 2);
INSERT INTO modelos (mod_id, mod_nome, mar_id) VALUES (421, "FREEMONT", 2);
INSERT INTO modelos (mod_id, mod_nome, mar_id) VALUES (422, "GRAND SIENA", 2);
INSERT INTO modelos (mod_id, mod_nome, mar_id) VALUES (423, "IDEA", 2);
INSERT INTO modelos (mod_id, mod_nome, mar_id) VALUES (424, "LINEA", 2);
INSERT INTO modelos (mod_id, mod_nome, mar_id) VALUES (425, "MAREA", 2);
INSERT INTO modelos (mod_id, mod_nome, mar_id) VALUES (426, "OGGI", 2);
INSERT INTO modelos (mod_id, mod_nome, mar_id) VALUES (427, "PALIO", 2);
INSERT INTO modelos (mod_id, mod_nome, mar_id) VALUES (428, "PANORAMA", 2);
INSERT INTO modelos (mod_id, mod_nome, mar_id) VALUES (429, "PREMIO", 2);
INSERT INTO modelos (mod_id, mod_nome, mar_id) VALUES (430, "PUNTO", 2);
INSERT INTO modelos (mod_id, mod_nome, mar_id) VALUES (431, "SIENA", 2);
INSERT INTO modelos (mod_id, mod_nome, mar_id) VALUES (432, "STILO", 2);
INSERT INTO modelos (mod_id, mod_nome, mar_id) VALUES (433, "STRADA", 2);
INSERT INTO modelos (mod_id, mod_nome, mar_id) VALUES (434, "TEMPRA", 2);
INSERT INTO modelos (mod_id, mod_nome, mar_id) VALUES (435, "TIPO", 2);
INSERT INTO modelos (mod_id, mod_nome, mar_id) VALUES (436, "UNO", 2);
INSERT INTO modelos (mod_id, mod_nome, mar_id) VALUES (437, "AEROSTAR", 2);
INSERT INTO modelos (mod_id, mod_nome, mar_id) VALUES (438, "ASPIRE", 2);
INSERT INTO modelos (mod_id, mod_nome, mar_id) VALUES (439, "BELINA", 2);
INSERT INTO modelos (mod_id, mod_nome, mar_id) VALUES (440, "CLUB WAGON", 2);
INSERT INTO modelos (mod_id, mod_nome, mar_id) VALUES (441, "CONTOUR", 2);
INSERT INTO modelos (mod_id, mod_nome, mar_id) VALUES (442, "CORCEL II", 2);
INSERT INTO modelos (mod_id, mod_nome, mar_id) VALUES (443, "COURIER", 2);
INSERT INTO modelos (mod_id, mod_nome, mar_id) VALUES (444, "DEL REY", 2);
INSERT INTO modelos (mod_id, mod_nome, mar_id) VALUES (445, "ECOSPORT", 2);
INSERT INTO modelos (mod_id, mod_nome, mar_id) VALUES (446, "EDGE", 2);
INSERT INTO modelos (mod_id, mod_nome, mar_id) VALUES (447, "ESCORT", 2);
INSERT INTO modelos (mod_id, mod_nome, mar_id) VALUES (448, "EXPEDITION", 2);
INSERT INTO modelos (mod_id, mod_nome, mar_id) VALUES (449, "EXPLORER", 2);
INSERT INTO modelos (mod_id, mod_nome, mar_id) VALUES (450, "F-100", 2);
INSERT INTO modelos (mod_id, mod_nome, mar_id) VALUES (451, "F-1000", 2);
INSERT INTO modelos (mod_id, mod_nome, mar_id) VALUES (452, "F-150", 2);
INSERT INTO modelos (mod_id, mod_nome, mar_id) VALUES (453, "F-250", 2);
INSERT INTO modelos (mod_id, mod_nome, mar_id) VALUES (454, "FIESTA", 2);
INSERT INTO modelos (mod_id, mod_nome, mar_id) VALUES (455, "FOCUS", 2);
INSERT INTO modelos (mod_id, mod_nome, mar_id) VALUES (456, "FURGLAINE", 2);
INSERT INTO modelos (mod_id, mod_nome, mar_id) VALUES (457, "FUSION", 2);
INSERT INTO modelos (mod_id, mod_nome, mar_id) VALUES (458, "IBIZA", 2);
INSERT INTO modelos (mod_id, mod_nome, mar_id) VALUES (459, "KA", 2);
INSERT INTO modelos (mod_id, mod_nome, mar_id) VALUES (460, "MONDEO", 2);
INSERT INTO modelos (mod_id, mod_nome, mar_id) VALUES (461, "MUSTANG", 2);
INSERT INTO modelos (mod_id, mod_nome, mar_id) VALUES (462, "PAMPA", 2);
INSERT INTO modelos (mod_id, mod_nome, mar_id) VALUES (463, "RANGER", 2);
INSERT INTO modelos (mod_id, mod_nome, mar_id) VALUES (464, "VERSAILLES ROYALE", 2);
INSERT INTO modelos (mod_id, mod_nome, mar_id) VALUES (465, "TAURUS", 2);
INSERT INTO modelos (mod_id, mod_nome, mar_id) VALUES (466, "THUNDERBIRD", 2);
INSERT INTO modelos (mod_id, mod_nome, mar_id) VALUES (467, "TRANSIT", 2);
INSERT INTO modelos (mod_id, mod_nome, mar_id) VALUES (468, "VERONA", 2);
INSERT INTO modelos (mod_id, mod_nome, mar_id) VALUES (469, "VERSAILLES", 2);
INSERT INTO modelos (mod_id, mod_nome, mar_id) VALUES (470, "WINDSTAR", 2);
INSERT INTO modelos (mod_id, mod_nome, mar_id) VALUES (471, "A-10", 2);
INSERT INTO modelos (mod_id, mod_nome, mar_id) VALUES (472, "A-20", 2);
INSERT INTO modelos (mod_id, mod_nome, mar_id) VALUES (473, "AGILE", 2);
INSERT INTO modelos (mod_id, mod_nome, mar_id) VALUES (474, "ASTRA", 2);
INSERT INTO modelos (mod_id, mod_nome, mar_id) VALUES (475, "BLAZER", 2);
INSERT INTO modelos (mod_id, mod_nome, mar_id) VALUES (476, "BONANZA", 2);
INSERT INTO modelos (mod_id, mod_nome, mar_id) VALUES (477, "C-10", 2);
INSERT INTO modelos (mod_id, mod_nome, mar_id) VALUES (478, "C-20", 2);
INSERT INTO modelos (mod_id, mod_nome, mar_id) VALUES (479, "CALIBRA", 2);
INSERT INTO modelos (mod_id, mod_nome, mar_id) VALUES (480, "CAMARO", 2);
INSERT INTO modelos (mod_id, mod_nome, mar_id) VALUES (481, "CAPTIVA", 2);
INSERT INTO modelos (mod_id, mod_nome, mar_id) VALUES (482, "CARAVAN", 2);
INSERT INTO modelos (mod_id, mod_nome, mar_id) VALUES (483, "CAVALIER", 2);
INSERT INTO modelos (mod_id, mod_nome, mar_id) VALUES (484, "CELTA", 2);
INSERT INTO modelos (mod_id, mod_nome, mar_id) VALUES (485, "CHEVY", 2);
INSERT INTO modelos (mod_id, mod_nome, mar_id) VALUES (486, "COBALT", 2);
INSERT INTO modelos (mod_id, mod_nome, mar_id) VALUES (487, "CORSA", 2);
INSERT INTO modelos (mod_id, mod_nome, mar_id) VALUES (488, "CORVETTE", 2);
INSERT INTO modelos (mod_id, mod_nome, mar_id) VALUES (489, "CRUZE", 2);
INSERT INTO modelos (mod_id, mod_nome, mar_id) VALUES (490, "D-10", 2);
INSERT INTO modelos (mod_id, mod_nome, mar_id) VALUES (491, "D-20", 2);
INSERT INTO modelos (mod_id, mod_nome, mar_id) VALUES (492, "IPANEMA", 2);
INSERT INTO modelos (mod_id, mod_nome, mar_id) VALUES (493, "KADETT", 2);
INSERT INTO modelos (mod_id, mod_nome, mar_id) VALUES (494, "MALIBU", 2);
INSERT INTO modelos (mod_id, mod_nome, mar_id) VALUES (495, "MERIVA", 2);
INSERT INTO modelos (mod_id, mod_nome, mar_id) VALUES (496, "MONTANA", 2);
INSERT INTO modelos (mod_id, mod_nome, mar_id) VALUES (497, "OMEGA", 2);
INSERT INTO modelos (mod_id, mod_nome, mar_id) VALUES (498, "OPALA", 2);
INSERT INTO modelos (mod_id, mod_nome, mar_id) VALUES (499, "PRISMA", 2);
INSERT INTO modelos (mod_id, mod_nome, mar_id) VALUES (500, "S10", 2);
INSERT INTO modelos (mod_id, mod_nome, mar_id) VALUES (501, "SILVERADO", 2);
INSERT INTO modelos (mod_id, mod_nome, mar_id) VALUES (502, "SONIC", 2);
INSERT INTO modelos (mod_id, mod_nome, mar_id) VALUES (503, "SPACEVAN", 2);
INSERT INTO modelos (mod_id, mod_nome, mar_id) VALUES (504, "SS10", 2);
INSERT INTO modelos (mod_id, mod_nome, mar_id) VALUES (505, "SUBURBAN", 2);
INSERT INTO modelos (mod_id, mod_nome, mar_id) VALUES (506, "SYCLONE", 2);
INSERT INTO modelos (mod_id, mod_nome, mar_id) VALUES (507, "TIGRA", 2);
INSERT INTO modelos (mod_id, mod_nome, mar_id) VALUES (508, "TRACKER", 2);
INSERT INTO modelos (mod_id, mod_nome, mar_id) VALUES (509, "VECTRA", 2);
INSERT INTO modelos (mod_id, mod_nome, mar_id) VALUES (510, "VERANEIO", 2);
INSERT INTO modelos (mod_id, mod_nome, mar_id) VALUES (511, "ZAFIRA", 2);
INSERT INTO modelos (mod_id, mod_nome, mar_id) VALUES (512, "HOVER", 2);
INSERT INTO modelos (mod_id, mod_nome, mar_id) VALUES (513, "BR-800", 2);
INSERT INTO modelos (mod_id, mod_nome, mar_id) VALUES (514, "CARAJAS", 2);
INSERT INTO modelos (mod_id, mod_nome, mar_id) VALUES (515, "TOCANTINS", 2);
INSERT INTO modelos (mod_id, mod_nome, mar_id) VALUES (516, "XAVANTE", 2);
INSERT INTO modelos (mod_id, mod_nome, mar_id) VALUES (517, "VIP", 2);
INSERT INTO modelos (mod_id, mod_nome, mar_id) VALUES (518, "TOWNER", 2);
INSERT INTO modelos (mod_id, mod_nome, mar_id) VALUES (519, "ACCORD", 2);
INSERT INTO modelos (mod_id, mod_nome, mar_id) VALUES (520, "CITY", 2);
INSERT INTO modelos (mod_id, mod_nome, mar_id) VALUES (521, "CIVIC", 2);
INSERT INTO modelos (mod_id, mod_nome, mar_id) VALUES (522, "CR-V", 2);
INSERT INTO modelos (mod_id, mod_nome, mar_id) VALUES (523, "FIT", 2);
INSERT INTO modelos (mod_id, mod_nome, mar_id) VALUES (524, "ODYSSEY", 2);
INSERT INTO modelos (mod_id, mod_nome, mar_id) VALUES (525, "PASSPORT", 2);
INSERT INTO modelos (mod_id, mod_nome, mar_id) VALUES (526, "PRELUDE", 2);
INSERT INTO modelos (mod_id, mod_nome, mar_id) VALUES (527, "AZERA", 2);
INSERT INTO modelos (mod_id, mod_nome, mar_id) VALUES (528, "COUPE", 2);
INSERT INTO modelos (mod_id, mod_nome, mar_id) VALUES (529, "ELANTRA", 2);
INSERT INTO modelos (mod_id, mod_nome, mar_id) VALUES (530, "H1", 2);
INSERT INTO modelos (mod_id, mod_nome, mar_id) VALUES (531, "H100", 2);
INSERT INTO modelos (mod_id, mod_nome, mar_id) VALUES (532, "I30", 2);
INSERT INTO modelos (mod_id, mod_nome, mar_id) VALUES (533, "IX35", 2);
INSERT INTO modelos (mod_id, mod_nome, mar_id) VALUES (534, "SANTA FE", 2);
INSERT INTO modelos (mod_id, mod_nome, mar_id) VALUES (535, "SCOUPE", 2);
INSERT INTO modelos (mod_id, mod_nome, mar_id) VALUES (536, "SONATA", 2);
INSERT INTO modelos (mod_id, mod_nome, mar_id) VALUES (537, "TUCSON", 2);
INSERT INTO modelos (mod_id, mod_nome, mar_id) VALUES (538, "VELOSTER", 2);
INSERT INTO modelos (mod_id, mod_nome, mar_id) VALUES (539, "VERACRUZ", 2);
INSERT INTO modelos (mod_id, mod_nome, mar_id) VALUES (540, "RODEO", 2);
INSERT INTO modelos (mod_id, mod_nome, mar_id) VALUES (541, "J3", 2);
INSERT INTO modelos (mod_id, mod_nome, mar_id) VALUES (542, "J5", 2);
INSERT INTO modelos (mod_id, mod_nome, mar_id) VALUES (543, "J6", 2);
INSERT INTO modelos (mod_id, mod_nome, mar_id) VALUES (544, "S-TYPE", 2);
INSERT INTO modelos (mod_id, mod_nome, mar_id) VALUES (545, "X-TYPE", 2);
INSERT INTO modelos (mod_id, mod_nome, mar_id) VALUES (546, "CHEROKEE", 2);
INSERT INTO modelos (mod_id, mod_nome, mar_id) VALUES (547, "COMMANDER", 2);
INSERT INTO modelos (mod_id, mod_nome, mar_id) VALUES (548, "COMPASS", 2);
INSERT INTO modelos (mod_id, mod_nome, mar_id) VALUES (549, "GRAND CHEROKEE", 2);
INSERT INTO modelos (mod_id, mod_nome, mar_id) VALUES (550, "WRANGLER", 2);
INSERT INTO modelos (mod_id, mod_nome, mar_id) VALUES (551, "CARNIVAL", 2);
INSERT INTO modelos (mod_id, mod_nome, mar_id) VALUES (552, "CERATO", 2);
INSERT INTO modelos (mod_id, mod_nome, mar_id) VALUES (553, "CERES", 2);
INSERT INTO modelos (mod_id, mod_nome, mar_id) VALUES (554, "CLARUS", 2);
INSERT INTO modelos (mod_id, mod_nome, mar_id) VALUES (555, "MAGENTIS", 2);
INSERT INTO modelos (mod_id, mod_nome, mar_id) VALUES (556, "OPIRUS", 2);
INSERT INTO modelos (mod_id, mod_nome, mar_id) VALUES (557, "OPTIMA", 2);
INSERT INTO modelos (mod_id, mod_nome, mar_id) VALUES (558, "PICANTO", 2);
INSERT INTO modelos (mod_id, mod_nome, mar_id) VALUES (559, "SORENTO", 2);
INSERT INTO modelos (mod_id, mod_nome, mar_id) VALUES (560, "SOUL", 2);
INSERT INTO modelos (mod_id, mod_nome, mar_id) VALUES (561, "SPORTAGE", 2);
INSERT INTO modelos (mod_id, mod_nome, mar_id) VALUES (562, "LAIKA", 2);
INSERT INTO modelos (mod_id, mod_nome, mar_id) VALUES (563, "NIVA", 2);
INSERT INTO modelos (mod_id, mod_nome, mar_id) VALUES (564, "SAMARA", 2);
INSERT INTO modelos (mod_id, mod_nome, mar_id) VALUES (565, "GALLARDO", 2);
INSERT INTO modelos (mod_id, mod_nome, mar_id) VALUES (566, "MURCIELAGO", 2);
INSERT INTO modelos (mod_id, mod_nome, mar_id) VALUES (567, "DEFENDER", 2);
INSERT INTO modelos (mod_id, mod_nome, mar_id) VALUES (568, "DISCOVERY", 2);
INSERT INTO modelos (mod_id, mod_nome, mar_id) VALUES (569, "FREELANDER", 2);
INSERT INTO modelos (mod_id, mod_nome, mar_id) VALUES (570, "NEW RANGE", 2);
INSERT INTO modelos (mod_id, mod_nome, mar_id) VALUES (571, "RANGE ROVER", 2);
INSERT INTO modelos (mod_id, mod_nome, mar_id) VALUES (572, "ES", 2);
INSERT INTO modelos (mod_id, mod_nome, mar_id) VALUES (573, "GS", 2);
INSERT INTO modelos (mod_id, mod_nome, mar_id) VALUES (574, "IS-300", 2);
INSERT INTO modelos (mod_id, mod_nome, mar_id) VALUES (575, "LS", 2);
INSERT INTO modelos (mod_id, mod_nome, mar_id) VALUES (576, "RX", 2);
INSERT INTO modelos (mod_id, mod_nome, mar_id) VALUES (577, "SC", 2);
INSERT INTO modelos (mod_id, mod_nome, mar_id) VALUES (578, "320", 2);
INSERT INTO modelos (mod_id, mod_nome, mar_id) VALUES (579, "620", 2);
INSERT INTO modelos (mod_id, mod_nome, mar_id) VALUES (580, "H1", 2);
INSERT INTO modelos (mod_id, mod_nome, mar_id) VALUES (581, "ELAN", 2);
INSERT INTO modelos (mod_id, mod_nome, mar_id) VALUES (582, "ESPRIT", 2);
INSERT INTO modelos (mod_id, mod_nome, mar_id) VALUES (583, "222", 2);
INSERT INTO modelos (mod_id, mod_nome, mar_id) VALUES (584, "228", 2);
INSERT INTO modelos (mod_id, mod_nome, mar_id) VALUES (585, "3200", 2);
INSERT INTO modelos (mod_id, mod_nome, mar_id) VALUES (586, "430", 2);
INSERT INTO modelos (mod_id, mod_nome, mar_id) VALUES (587, "COUPE", 2);
INSERT INTO modelos (mod_id, mod_nome, mar_id) VALUES (588, "GHIBLI", 2);
INSERT INTO modelos (mod_id, mod_nome, mar_id) VALUES (589, "GRANCABRIO", 2);
INSERT INTO modelos (mod_id, mod_nome, mar_id) VALUES (590, "GRANSPORT", 2);
INSERT INTO modelos (mod_id, mod_nome, mar_id) VALUES (591, "GRANTURISMO", 2);
INSERT INTO modelos (mod_id, mod_nome, mar_id) VALUES (592, "QUATTROPORTE", 2);
INSERT INTO modelos (mod_id, mod_nome, mar_id) VALUES (593, "SHAMAL", 2);
INSERT INTO modelos (mod_id, mod_nome, mar_id) VALUES (594, "SPIDER", 2);
INSERT INTO modelos (mod_id, mod_nome, mar_id) VALUES (595, "PICK-UP", 2);
INSERT INTO modelos (mod_id, mod_nome, mar_id) VALUES (596, "323", 2);
INSERT INTO modelos (mod_id, mod_nome, mar_id) VALUES (597, "626", 2);
INSERT INTO modelos (mod_id, mod_nome, mar_id) VALUES (598, "929", 2);
INSERT INTO modelos (mod_id, mod_nome, mar_id) VALUES (599, "B-2500", 2);
INSERT INTO modelos (mod_id, mod_nome, mar_id) VALUES (600, "B2200", 2);
INSERT INTO modelos (mod_id, mod_nome, mar_id) VALUES (601, "MILLENIA", 2);
INSERT INTO modelos (mod_id, mod_nome, mar_id) VALUES (602, "MPV", 2);
INSERT INTO modelos (mod_id, mod_nome, mar_id) VALUES (603, "MX-3", 2);
INSERT INTO modelos (mod_id, mod_nome, mar_id) VALUES (604, "MX-5", 2);
INSERT INTO modelos (mod_id, mod_nome, mar_id) VALUES (605, "NAVAJO", 2);
INSERT INTO modelos (mod_id, mod_nome, mar_id) VALUES (606, "PROTEGE", 2);
INSERT INTO modelos (mod_id, mod_nome, mar_id) VALUES (607, "RX", 2);
INSERT INTO modelos (mod_id, mod_nome, mar_id) VALUES (608, "CLASSE A", 2);
INSERT INTO modelos (mod_id, mod_nome, mar_id) VALUES (609, "CLASSE B", 2);
INSERT INTO modelos (mod_id, mod_nome, mar_id) VALUES (610, "CLASSE R", 2);
INSERT INTO modelos (mod_id, mod_nome, mar_id) VALUES (611, "CLASSE GLK", 2);
INSERT INTO modelos (mod_id, mod_nome, mar_id) VALUES (612, "SPRINTER", 2);
INSERT INTO modelos (mod_id, mod_nome, mar_id) VALUES (613, "MYSTIQUE", 2);
INSERT INTO modelos (mod_id, mod_nome, mar_id) VALUES (614, "SABLE", 2);
INSERT INTO modelos (mod_id, mod_nome, mar_id) VALUES (615, "550", 2);
INSERT INTO modelos (mod_id, mod_nome, mar_id) VALUES (616, "MG6", 2);
INSERT INTO modelos (mod_id, mod_nome, mar_id) VALUES (617, "COOPER", 2);
INSERT INTO modelos (mod_id, mod_nome, mar_id) VALUES (618, "ONE", 2);
INSERT INTO modelos (mod_id, mod_nome, mar_id) VALUES (619, "3000", 2);
INSERT INTO modelos (mod_id, mod_nome, mar_id) VALUES (620, "AIRTREK", 2);
INSERT INTO modelos (mod_id, mod_nome, mar_id) VALUES (621, "ASX", 2);
INSERT INTO modelos (mod_id, mod_nome, mar_id) VALUES (622, "COLT", 2);
INSERT INTO modelos (mod_id, mod_nome, mar_id) VALUES (623, "DIAMANT", 2);
INSERT INTO modelos (mod_id, mod_nome, mar_id) VALUES (624, "ECLIPSE", 2);
INSERT INTO modelos (mod_id, mod_nome, mar_id) VALUES (625, "EXPO", 2);
INSERT INTO modelos (mod_id, mod_nome, mar_id) VALUES (626, "GALANT", 2);
INSERT INTO modelos (mod_id, mod_nome, mar_id) VALUES (627, "GRANDIS", 2);
INSERT INTO modelos (mod_id, mod_nome, mar_id) VALUES (628, "L200", 2);
INSERT INTO modelos (mod_id, mod_nome, mar_id) VALUES (629, "L300", 2);
INSERT INTO modelos (mod_id, mod_nome, mar_id) VALUES (630, "LANCER", 2);
INSERT INTO modelos (mod_id, mod_nome, mar_id) VALUES (631, "MIRAGE", 2);
INSERT INTO modelos (mod_id, mod_nome, mar_id) VALUES (632, "MONTERO", 2);
INSERT INTO modelos (mod_id, mod_nome, mar_id) VALUES (633, "OUTLANDER", 2);
INSERT INTO modelos (mod_id, mod_nome, mar_id) VALUES (634, "PAJERO", 2);
INSERT INTO modelos (mod_id, mod_nome, mar_id) VALUES (635, "SPACE WAGON", 2);
INSERT INTO modelos (mod_id, mod_nome, mar_id) VALUES (636, "BG-TRUCK", 2);
INSERT INTO modelos (mod_id, mod_nome, mar_id) VALUES (637, "350Z", 2);
INSERT INTO modelos (mod_id, mod_nome, mar_id) VALUES (638, "ALTIMA", 2);
INSERT INTO modelos (mod_id, mod_nome, mar_id) VALUES (639, "AX", 2);
INSERT INTO modelos (mod_id, mod_nome, mar_id) VALUES (640, "D-21", 2);
INSERT INTO modelos (mod_id, mod_nome, mar_id) VALUES (641, "FRONTIER", 2);
INSERT INTO modelos (mod_id, mod_nome, mar_id) VALUES (642, "KING-CAB", 2);
INSERT INTO modelos (mod_id, mod_nome, mar_id) VALUES (643, "LIVINA", 2);
INSERT INTO modelos (mod_id, mod_nome, mar_id) VALUES (644, "MARCH", 2);
INSERT INTO modelos (mod_id, mod_nome, mar_id) VALUES (645, "MAXIMA", 2);
INSERT INTO modelos (mod_id, mod_nome, mar_id) VALUES (646, "MURANO", 2);
INSERT INTO modelos (mod_id, mod_nome, mar_id) VALUES (647, "NX", 2);
INSERT INTO modelos (mod_id, mod_nome, mar_id) VALUES (648, "PATHFINDER", 2);
INSERT INTO modelos (mod_id, mod_nome, mar_id) VALUES (649, "PRIMERA", 2);
INSERT INTO modelos (mod_id, mod_nome, mar_id) VALUES (650, "QUEST", 2);
INSERT INTO modelos (mod_id, mod_nome, mar_id) VALUES (651, "SENTRA", 2);
INSERT INTO modelos (mod_id, mod_nome, mar_id) VALUES (652, "STANZA", 2);
INSERT INTO modelos (mod_id, mod_nome, mar_id) VALUES (653, "180SX", 2);
INSERT INTO modelos (mod_id, mod_nome, mar_id) VALUES (654, "TERRANO", 2);
INSERT INTO modelos (mod_id, mod_nome, mar_id) VALUES (655, "TIIDA", 2);
INSERT INTO modelos (mod_id, mod_nome, mar_id) VALUES (656, "VERSA", 2);
INSERT INTO modelos (mod_id, mod_nome, mar_id) VALUES (657, "X-TRAIL", 2);
INSERT INTO modelos (mod_id, mod_nome, mar_id) VALUES (658, "XTERRA", 2);
INSERT INTO modelos (mod_id, mod_nome, mar_id) VALUES (659, "ZX", 2);
INSERT INTO modelos (mod_id, mod_nome, mar_id) VALUES (660, "106", 2);
INSERT INTO modelos (mod_id, mod_nome, mar_id) VALUES (661, "205", 2);
INSERT INTO modelos (mod_id, mod_nome, mar_id) VALUES (662, "206", 2);
INSERT INTO modelos (mod_id, mod_nome, mar_id) VALUES (663, "207", 2);
INSERT INTO modelos (mod_id, mod_nome, mar_id) VALUES (664, "3008", 2);
INSERT INTO modelos (mod_id, mod_nome, mar_id) VALUES (665, "306", 2);
INSERT INTO modelos (mod_id, mod_nome, mar_id) VALUES (666, "307", 2);
INSERT INTO modelos (mod_id, mod_nome, mar_id) VALUES (667, "308", 2);
INSERT INTO modelos (mod_id, mod_nome, mar_id) VALUES (668, "405", 2);
INSERT INTO modelos (mod_id, mod_nome, mar_id) VALUES (669, "406", 2);
INSERT INTO modelos (mod_id, mod_nome, mar_id) VALUES (670, "407", 2);
INSERT INTO modelos (mod_id, mod_nome, mar_id) VALUES (671, "408", 2);
INSERT INTO modelos (mod_id, mod_nome, mar_id) VALUES (672, "504", 2);
INSERT INTO modelos (mod_id, mod_nome, mar_id) VALUES (673, "505", 2);
INSERT INTO modelos (mod_id, mod_nome, mar_id) VALUES (674, "508", 2);
INSERT INTO modelos (mod_id, mod_nome, mar_id) VALUES (675, "605", 2);
INSERT INTO modelos (mod_id, mod_nome, mar_id) VALUES (676, "607", 2);
INSERT INTO modelos (mod_id, mod_nome, mar_id) VALUES (677, "806", 2);
INSERT INTO modelos (mod_id, mod_nome, mar_id) VALUES (678, "807", 2);
INSERT INTO modelos (mod_id, mod_nome, mar_id) VALUES (679, "BOXER", 2);
INSERT INTO modelos (mod_id, mod_nome, mar_id) VALUES (680, "HOGGAR", 2);
INSERT INTO modelos (mod_id, mod_nome, mar_id) VALUES (681, "PARTNER", 2);
INSERT INTO modelos (mod_id, mod_nome, mar_id) VALUES (682, "RCZ", 2);
INSERT INTO modelos (mod_id, mod_nome, mar_id) VALUES (683, "GRAN VOYAGER", 2);
INSERT INTO modelos (mod_id, mod_nome, mar_id) VALUES (684, "SUNDANCE", 2);
INSERT INTO modelos (mod_id, mod_nome, mar_id) VALUES (685, "TRANS-AM", 2);
INSERT INTO modelos (mod_id, mod_nome, mar_id) VALUES (686, "TRANS-SPORT", 2);
INSERT INTO modelos (mod_id, mod_nome, mar_id) VALUES (687, "911", 2);
INSERT INTO modelos (mod_id, mod_nome, mar_id) VALUES (688, "BOXSTER", 2);
INSERT INTO modelos (mod_id, mod_nome, mar_id) VALUES (689, "CAYENNE", 2);
INSERT INTO modelos (mod_id, mod_nome, mar_id) VALUES (690, "CAYMAN", 2);
INSERT INTO modelos (mod_id, mod_nome, mar_id) VALUES (691, "PANAMERA", 2);
INSERT INTO modelos (mod_id, mod_nome, mar_id) VALUES (692, "21 SEDAN", 2);
INSERT INTO modelos (mod_id, mod_nome, mar_id) VALUES (693, "CLIO", 2);
INSERT INTO modelos (mod_id, mod_nome, mar_id) VALUES (694, "DUSTER", 2);
INSERT INTO modelos (mod_id, mod_nome, mar_id) VALUES (695, "EXPRESS", 2);
INSERT INTO modelos (mod_id, mod_nome, mar_id) VALUES (696, "FLUENCE", 2);
INSERT INTO modelos (mod_id, mod_nome, mar_id) VALUES (697, "KANGOO", 2);
INSERT INTO modelos (mod_id, mod_nome, mar_id) VALUES (698, "LAGUNA", 2);
INSERT INTO modelos (mod_id, mod_nome, mar_id) VALUES (699, "LOGAN", 2);
INSERT INTO modelos (mod_id, mod_nome, mar_id) VALUES (700, "MASTER", 2);
INSERT INTO modelos (mod_id, mod_nome, mar_id) VALUES (701, "MEGANE", 2);
INSERT INTO modelos (mod_id, mod_nome, mar_id) VALUES (702, "SAFRANE", 2);
INSERT INTO modelos (mod_id, mod_nome, mar_id) VALUES (703, "SANDERO", 2);
INSERT INTO modelos (mod_id, mod_nome, mar_id) VALUES (704, "SCENIC", 2);
INSERT INTO modelos (mod_id, mod_nome, mar_id) VALUES (705, "SYMBOL", 2);
INSERT INTO modelos (mod_id, mod_nome, mar_id) VALUES (706, "TRAFIC", 2);
INSERT INTO modelos (mod_id, mod_nome, mar_id) VALUES (707, "TWINGO", 2);
INSERT INTO modelos (mod_id, mod_nome, mar_id) VALUES (708, "9000", 2);
INSERT INTO modelos (mod_id, mod_nome, mar_id) VALUES (709, "FORESTER", 2);
INSERT INTO modelos (mod_id, mod_nome, mar_id) VALUES (710, "IMPREZA", 2);
INSERT INTO modelos (mod_id, mod_nome, mar_id) VALUES (711, "LEGACY", 2);
INSERT INTO modelos (mod_id, mod_nome, mar_id) VALUES (712, "OUTBACK", 2);
INSERT INTO modelos (mod_id, mod_nome, mar_id) VALUES (713, "SVX", 2);
INSERT INTO modelos (mod_id, mod_nome, mar_id) VALUES (714, "TRIBECA", 2);
INSERT INTO modelos (mod_id, mod_nome, mar_id) VALUES (715, "VIVIO", 2);
INSERT INTO modelos (mod_id, mod_nome, mar_id) VALUES (716, "BALENO", 2);
INSERT INTO modelos (mod_id, mod_nome, mar_id) VALUES (717, "GRAND VITARA", 2);
INSERT INTO modelos (mod_id, mod_nome, mar_id) VALUES (718, "IGNIS", 2);
INSERT INTO modelos (mod_id, mod_nome, mar_id) VALUES (719, "JIMNY", 2);
INSERT INTO modelos (mod_id, mod_nome, mar_id) VALUES (720, "SUPER CARRY", 2);
INSERT INTO modelos (mod_id, mod_nome, mar_id) VALUES (721, "SWIFT", 2);
INSERT INTO modelos (mod_id, mod_nome, mar_id) VALUES (722, "SX4", 2);
INSERT INTO modelos (mod_id, mod_nome, mar_id) VALUES (723, "VITARA", 2);
INSERT INTO modelos (mod_id, mod_nome, mar_id) VALUES (724, "WAGON R", 2);
INSERT INTO modelos (mod_id, mod_nome, mar_id) VALUES (725, "AVALON", 2);
INSERT INTO modelos (mod_id, mod_nome, mar_id) VALUES (726, "BANDEIRANTE", 2);
INSERT INTO modelos (mod_id, mod_nome, mar_id) VALUES (727, "CAMRY", 2);
INSERT INTO modelos (mod_id, mod_nome, mar_id) VALUES (728, "CELICA", 2);
INSERT INTO modelos (mod_id, mod_nome, mar_id) VALUES (729, "COROLLA", 2);
INSERT INTO modelos (mod_id, mod_nome, mar_id) VALUES (730, "CORONA", 2);
INSERT INTO modelos (mod_id, mod_nome, mar_id) VALUES (731, "HILUX", 2);
INSERT INTO modelos (mod_id, mod_nome, mar_id) VALUES (732, "LAND CRUISER", 2);
INSERT INTO modelos (mod_id, mod_nome, mar_id) VALUES (733, "MR-2", 2);
INSERT INTO modelos (mod_id, mod_nome, mar_id) VALUES (734, "PASEO", 2);
INSERT INTO modelos (mod_id, mod_nome, mar_id) VALUES (735, "PREVIA", 2);
INSERT INTO modelos (mod_id, mod_nome, mar_id) VALUES (736, "RAV4", 2);
INSERT INTO modelos (mod_id, mod_nome, mar_id) VALUES (737, "SUPRA", 2);
INSERT INTO modelos (mod_id, mod_nome, mar_id) VALUES (738, "PANTANAL", 2);
INSERT INTO modelos (mod_id, mod_nome, mar_id) VALUES (739, "T-4", 2);
INSERT INTO modelos (mod_id, mod_nome, mar_id) VALUES (740, "400 SERIES", 2);
INSERT INTO modelos (mod_id, mod_nome, mar_id) VALUES (741, "850", 2);
INSERT INTO modelos (mod_id, mod_nome, mar_id) VALUES (742, "900 SERIES", 2);
INSERT INTO modelos (mod_id, mod_nome, mar_id) VALUES (743, "AMAROK", 2);
INSERT INTO modelos (mod_id, mod_nome, mar_id) VALUES (744, "APOLLO", 2);
INSERT INTO modelos (mod_id, mod_nome, mar_id) VALUES (745, "BORA", 2);
INSERT INTO modelos (mod_id, mod_nome, mar_id) VALUES (746, "CARAVELLE", 2);
INSERT INTO modelos (mod_id, mod_nome, mar_id) VALUES (747, "CORRADO", 2);
INSERT INTO modelos (mod_id, mod_nome, mar_id) VALUES (748, "EOS", 2);
INSERT INTO modelos (mod_id, mod_nome, mar_id) VALUES (749, "EUROVAN", 2);
INSERT INTO modelos (mod_id, mod_nome, mar_id) VALUES (750, "FOX", 2);
INSERT INTO modelos (mod_id, mod_nome, mar_id) VALUES (751, "FUSCA", 2);
INSERT INTO modelos (mod_id, mod_nome, mar_id) VALUES (752, "GOL", 2);
INSERT INTO modelos (mod_id, mod_nome, mar_id) VALUES (753, "GOLF", 2);
INSERT INTO modelos (mod_id, mod_nome, mar_id) VALUES (754, "JETTA", 2);
INSERT INTO modelos (mod_id, mod_nome, mar_id) VALUES (755, "KOMBI", 2);
INSERT INTO modelos (mod_id, mod_nome, mar_id) VALUES (756, "LOGUS", 2);
INSERT INTO modelos (mod_id, mod_nome, mar_id) VALUES (757, "PARATI", 2);
INSERT INTO modelos (mod_id, mod_nome, mar_id) VALUES (758, "PASSAT", 2);
INSERT INTO modelos (mod_id, mod_nome, mar_id) VALUES (759, "POINTER", 2);
INSERT INTO modelos (mod_id, mod_nome, mar_id) VALUES (760, "POLO", 2);
INSERT INTO modelos (mod_id, mod_nome, mar_id) VALUES (761, "SANTANA", 2);
INSERT INTO modelos (mod_id, mod_nome, mar_id) VALUES (762, "SAVEIRO", 2);
INSERT INTO modelos (mod_id, mod_nome, mar_id) VALUES (763, "SPACEFOX", 2);
INSERT INTO modelos (mod_id, mod_nome, mar_id) VALUES (764, "TIGUAN", 2);
INSERT INTO modelos (mod_id, mod_nome, mar_id) VALUES (765, "TOUAREG", 2);
INSERT INTO modelos (mod_id, mod_nome, mar_id) VALUES (766, "VOYAGE", 2);
INSERT INTO modelos (mod_id, mod_nome, mar_id) VALUES (767, "ZDX", 2);
INSERT INTO modelos (mod_id, mod_nome, mar_id) VALUES (768, "140", 2);
INSERT INTO modelos (mod_id, mod_nome, mar_id) VALUES (769, "BRASILIA", 2);
INSERT INTO modelos (mod_id, mod_nome, mar_id) VALUES (770, "BRASILVAN", 2);
INSERT INTO modelos (mod_id, mod_nome, mar_id) VALUES (771, "CORCEL", 2);
INSERT INTO modelos (mod_id, mod_nome, mar_id) VALUES (772, "PALIO WEEKEND", 2);
INSERT INTO modelos (mod_id, mod_nome, mar_id) VALUES (773, "FOCUS SEDAN", 2);
INSERT INTO modelos (mod_id, mod_nome, mar_id) VALUES (774, "FIESTA SEDAN", 2);
INSERT INTO modelos (mod_id, mod_nome, mar_id) VALUES (775, "FIESTA TRAIL", 2);
INSERT INTO modelos (mod_id, mod_nome, mar_id) VALUES (776, "207 SW", 2);
INSERT INTO modelos (mod_id, mod_nome, mar_id) VALUES (777, "ESCORT SW", 2);
INSERT INTO modelos (mod_id, mod_nome, mar_id) VALUES (778, "307 SEDAN", 2);
INSERT INTO modelos (mod_id, mod_nome, mar_id) VALUES (779, "307 SW", 2);
INSERT INTO modelos (mod_id, mod_nome, mar_id) VALUES (780, "C4 PALLAS", 2);
INSERT INTO modelos (mod_id, mod_nome, mar_id) VALUES (781, "C4 PICASSO", 2);
INSERT INTO modelos (mod_id, mod_nome, mar_id) VALUES (782, "C4 VTR", 2);
INSERT INTO modelos (mod_id, mod_nome, mar_id) VALUES (783, "CLIO SEDAN", 2);
INSERT INTO modelos (mod_id, mod_nome, mar_id) VALUES (784, "COROLLA FIELDER", 2);
INSERT INTO modelos (mod_id, mod_nome, mar_id) VALUES (785, "HILUX SW4", 2);
INSERT INTO modelos (mod_id, mod_nome, mar_id) VALUES (786, "MEGANE GRAND TOUR", 2);
INSERT INTO modelos (mod_id, mod_nome, mar_id) VALUES (787, "SANDERO STEPWAY", 2);
INSERT INTO modelos (mod_id, mod_nome, mar_id) VALUES (788, "XSARA PICASSO", 2);
INSERT INTO modelos (mod_id, mod_nome, mar_id) VALUES (789, "COLHEITADEIRA", 2);
INSERT INTO modelos (mod_id, mod_nome, mar_id) VALUES (790, "PICKUP F75", 2);
INSERT INTO modelos (mod_id, mod_nome, mar_id) VALUES (791, "X12", 2);
INSERT INTO modelos (mod_id, mod_nome, mar_id) VALUES (792, "BEL AIR", 2);
INSERT INTO modelos (mod_id, mod_nome, mar_id) VALUES (793, "RX", 2);
INSERT INTO modelos (mod_id, mod_nome, mar_id) VALUES (794, "C-14", 2);
INSERT INTO modelos (mod_id, mod_nome, mar_id) VALUES (795, "SRX4", 2);
INSERT INTO modelos (mod_id, mod_nome, mar_id) VALUES (796, "C-15", 2);
INSERT INTO modelos (mod_id, mod_nome, mar_id) VALUES (797, "BRASIL", 2);
INSERT INTO modelos (mod_id, mod_nome, mar_id) VALUES (798, "POLARA", 2);
INSERT INTO modelos (mod_id, mod_nome, mar_id) VALUES (799, "600", 2);
INSERT INTO modelos (mod_id, mod_nome, mar_id) VALUES (800, "F-01", 2);
INSERT INTO modelos (mod_id, mod_nome, mar_id) VALUES (801, "FALCON", 2);
INSERT INTO modelos (mod_id, mod_nome, mar_id) VALUES (802, "GALAXIE", 2);
INSERT INTO modelos (mod_id, mod_nome, mar_id) VALUES (803, "MAVERICK", 2);
INSERT INTO modelos (mod_id, mod_nome, mar_id) VALUES (804, "MODELO A", 2);
INSERT INTO modelos (mod_id, mod_nome, mar_id) VALUES (805, "NEW FIESTA", 2);
INSERT INTO modelos (mod_id, mod_nome, mar_id) VALUES (806, "LINHA FX", 2);
INSERT INTO modelos (mod_id, mod_nome, mar_id) VALUES (807, "GTS", 2);
INSERT INTO modelos (mod_id, mod_nome, mar_id) VALUES (808, "H3", 2);
INSERT INTO modelos (mod_id, mod_nome, mar_id) VALUES (809, "PRIME", 2);
INSERT INTO modelos (mod_id, mod_nome, mar_id) VALUES (810, "TIBURON", 2);
INSERT INTO modelos (mod_id, mod_nome, mar_id) VALUES (811, "JEEP", 2);
INSERT INTO modelos (mod_id, mod_nome, mar_id) VALUES (812, "CJ5", 2);
INSERT INTO modelos (mod_id, mod_nome, mar_id) VALUES (813, "TC", 2);
INSERT INTO modelos (mod_id, mod_nome, mar_id) VALUES (814, "CLASSE CLC", 2);
INSERT INTO modelos (mod_id, mod_nome, mar_id) VALUES (815, "CLASSE CLS", 2);
INSERT INTO modelos (mod_id, mod_nome, mar_id) VALUES (816, "MONTEREY", 2);
INSERT INTO modelos (mod_id, mod_nome, mar_id) VALUES (817, "TOPSPORT", 2);
INSERT INTO modelos (mod_id, mod_nome, mar_id) VALUES (818, "TARGA", 2);
INSERT INTO modelos (mod_id, mod_nome, mar_id) VALUES (819, "X8", 2);
INSERT INTO modelos (mod_id, mod_nome, mar_id) VALUES (820, "370Z", 2);
INSERT INTO modelos (mod_id, mod_nome, mar_id) VALUES (821, "GTB", 2);
INSERT INTO modelos (mod_id, mod_nome, mar_id) VALUES (822, "GTC", 2);
INSERT INTO modelos (mod_id, mod_nome, mar_id) VALUES (823, "GTE", 2);
INSERT INTO modelos (mod_id, mod_nome, mar_id) VALUES (824, "AUSTIN", 2);
INSERT INTO modelos (mod_id, mod_nome, mar_id) VALUES (825, "7TL", 2);
INSERT INTO modelos (mod_id, mod_nome, mar_id) VALUES (826, "19", 2);
INSERT INTO modelos (mod_id, mod_nome, mar_id) VALUES (827, "CONVERSÍVEL", 2);
INSERT INTO modelos (mod_id, mod_nome, mar_id) VALUES (828, "SUPERMINI", 2);
INSERT INTO modelos (mod_id, mod_nome, mar_id) VALUES (829, "TL", 2);
INSERT INTO modelos (mod_id, mod_nome, mar_id) VALUES (830, "TOPOLINO", 2);
INSERT INTO modelos (mod_id, mod_nome, mar_id) VALUES (831, "SR5", 2);
INSERT INTO modelos (mod_id, mod_nome, mar_id) VALUES (832, "VITZ", 2);
INSERT INTO modelos (mod_id, mod_nome, mar_id) VALUES (833, "VARIANT", 2);
INSERT INTO modelos (mod_id, mod_nome, mar_id) VALUES (834, "CANDANGO", 2);
INSERT INTO modelos (mod_id, mod_nome, mar_id) VALUES (835, "ETIOS", 2);
INSERT INTO modelos (mod_id, mod_nome, mar_id) VALUES (836, "ONIX", 2);
INSERT INTO modelos (mod_id, mod_nome, mar_id) VALUES (837, "HB20", 2);
INSERT INTO modelos (mod_id, mod_nome, mar_id) VALUES (838, "330", 2);
INSERT INTO modelos (mod_id, mod_nome, mar_id) VALUES (839, "520", 2);
INSERT INTO modelos (mod_id, mod_nome, mar_id) VALUES (840, "730", 2);
INSERT INTO modelos (mod_id, mod_nome, mar_id) VALUES (841, "M1", 2);
INSERT INTO modelos (mod_id, mod_nome, mar_id) VALUES (842, "SERIE Z", 2);
INSERT INTO modelos (mod_id, mod_nome, mar_id) VALUES (843, "CLASSE SLK", 2);
INSERT INTO modelos (mod_id, mod_nome, mar_id) VALUES (844, "CLASSE C", 2);
INSERT INTO modelos (mod_id, mod_nome, mar_id) VALUES (845, "CLASSE E", 2);
INSERT INTO modelos (mod_id, mod_nome, mar_id) VALUES (846, "CLASSE CL", 2);
INSERT INTO modelos (mod_id, mod_nome, mar_id) VALUES (847, "CLASSE CLK", 2);
INSERT INTO modelos (mod_id, mod_nome, mar_id) VALUES (848, "CLASSE S", 2);
INSERT INTO modelos (mod_id, mod_nome, mar_id) VALUES (849, "CLASSE SL", 2);
INSERT INTO modelos (mod_id, mod_nome, mar_id) VALUES (850, "CLASSE SLS", 2);
INSERT INTO modelos (mod_id, mod_nome, mar_id) VALUES (851, "CLASSE G", 2);
INSERT INTO modelos (mod_id, mod_nome, mar_id) VALUES (852, "CLASSE GL", 2);
INSERT INTO modelos (mod_id, mod_nome, mar_id) VALUES (853, "CLASSE M", 2);
INSERT INTO modelos (mod_id, mod_nome, mar_id) VALUES (854, "1500", 2);
INSERT INTO modelos (mod_id, mod_nome, mar_id) VALUES (855, "EQUUS", 2);
INSERT INTO modelos (mod_id, mod_nome, mar_id) VALUES (856, "350 GT", 2);
INSERT INTO modelos (mod_id, mod_nome, mar_id) VALUES (857, "400 GT", 2);
INSERT INTO modelos (mod_id, mod_nome, mar_id) VALUES (858, "MIURA", 2);
INSERT INTO modelos (mod_id, mod_nome, mar_id) VALUES (859, "ISLERO", 2);
INSERT INTO modelos (mod_id, mod_nome, mar_id) VALUES (860, "ESPADA", 2);
INSERT INTO modelos (mod_id, mod_nome, mar_id) VALUES (861, "COUNTACH", 2);
INSERT INTO modelos (mod_id, mod_nome, mar_id) VALUES (862, "DIABLO", 2);
INSERT INTO modelos (mod_id, mod_nome, mar_id) VALUES (863, "ZAGATO", 2);
INSERT INTO modelos (mod_id, mod_nome, mar_id) VALUES (864, "ALAR", 2);
INSERT INTO modelos (mod_id, mod_nome, mar_id) VALUES (865, "LM002", 2);
INSERT INTO modelos (mod_id, mod_nome, mar_id) VALUES (866, "REVENTON", 2);
INSERT INTO modelos (mod_id, mod_nome, mar_id) VALUES (867, "ANKONIAN", 2);
INSERT INTO modelos (mod_id, mod_nome, mar_id) VALUES (868, "AVENTADOR", 2);
INSERT INTO modelos (mod_id, mod_nome, mar_id) VALUES (869, "SESTO ELEMENTO", 2);
INSERT INTO modelos (mod_id, mod_nome, mar_id) VALUES (870, "J3 TURIN", 2);
INSERT INTO modelos (mod_id, mod_nome, mar_id) VALUES (871, "J2", 2);
INSERT INTO modelos (mod_id, mod_nome, mar_id) VALUES (872, "SANDERO GT", 2);
INSERT INTO modelos (mod_id, mod_nome, mar_id) VALUES (873, "SPIN", 2);
INSERT INTO modelos (mod_id, mod_nome, mar_id) VALUES (874, "TRAILBLAZER", 2);
INSERT INTO modelos (mod_id, mod_nome, mar_id) VALUES (875, "C3 PICASSO", 2);
INSERT INTO modelos (mod_id, mod_nome, mar_id) VALUES (876, "GRAND C4 PICASSO", 2);
INSERT INTO modelos (mod_id, mod_nome, mar_id) VALUES (877, "207 SEDAN", 2);
INSERT INTO modelos (mod_id, mod_nome, mar_id) VALUES (878, "207 QUIKSILVER", 2);
INSERT INTO modelos (mod_id, mod_nome, mar_id) VALUES (879, "207 ESCAPADE", 2);
INSERT INTO modelos (mod_id, mod_nome, mar_id) VALUES (880, "308 CC", 2);
INSERT INTO modelos (mod_id, mod_nome, mar_id) VALUES (881, "BOXER PASSAGEIRO", 2);
INSERT INTO modelos (mod_id, mod_nome, mar_id) VALUES (882, "NEW FIESTA SEDAN", 2);
INSERT INTO modelos (mod_id, mod_nome, mar_id) VALUES (883, "A4 AVANT", 2);
INSERT INTO modelos (mod_id, mod_nome, mar_id) VALUES (884, "S4 AVANT", 2);
INSERT INTO modelos (mod_id, mod_nome, mar_id) VALUES (885, "A5 SPORTBACK", 2);
INSERT INTO modelos (mod_id, mod_nome, mar_id) VALUES (886, "A5 CABRIOLET", 2);
INSERT INTO modelos (mod_id, mod_nome, mar_id) VALUES (887, "S5 COUPE", 2);
INSERT INTO modelos (mod_id, mod_nome, mar_id) VALUES (888, "S5 SPORTBACK", 2);
INSERT INTO modelos (mod_id, mod_nome, mar_id) VALUES (889, "S5 CABRIOLET", 2);
INSERT INTO modelos (mod_id, mod_nome, mar_id) VALUES (890, "A6 AVANT", 2);
INSERT INTO modelos (mod_id, mod_nome, mar_id) VALUES (891, "A6 ALLROAD", 2);
INSERT INTO modelos (mod_id, mod_nome, mar_id) VALUES (892, "S6 AVANT", 2);
INSERT INTO modelos (mod_id, mod_nome, mar_id) VALUES (893, "S7", 2);
INSERT INTO modelos (mod_id, mod_nome, mar_id) VALUES (894, "TT ROADSTER", 2);
INSERT INTO modelos (mod_id, mod_nome, mar_id) VALUES (895, "TT RS", 2);
INSERT INTO modelos (mod_id, mod_nome, mar_id) VALUES (896, "TT RS ROADSTER", 2);
INSERT INTO modelos (mod_id, mod_nome, mar_id) VALUES (897, "TTS ROADSTER", 2);
INSERT INTO modelos (mod_id, mod_nome, mar_id) VALUES (898, "R8 SPYDER", 2);
INSERT INTO modelos (mod_id, mod_nome, mar_id) VALUES (899, "R8 GT", 2);
INSERT INTO modelos (mod_id, mod_nome, mar_id) VALUES (900, "R8 GT SPYDER", 2);
INSERT INTO modelos (mod_id, mod_nome, mar_id) VALUES (901, "F12", 2);
INSERT INTO modelos (mod_id, mod_nome, mar_id) VALUES (902, "458 SPIDER", 2);
INSERT INTO modelos (mod_id, mod_nome, mar_id) VALUES (903, "458 ITALIA", 2);
INSERT INTO modelos (mod_id, mod_nome, mar_id) VALUES (904, "FF", 2);
INSERT INTO modelos (mod_id, mod_nome, mar_id) VALUES (905, "599", 2);
INSERT INTO modelos (mod_id, mod_nome, mar_id) VALUES (906, "SA", 2);
INSERT INTO modelos (mod_id, mod_nome, mar_id) VALUES (907, "CHALLENGE", 2);
INSERT INTO modelos (mod_id, mod_nome, mar_id) VALUES (908, "SUPERAMERICA", 2);
INSERT INTO modelos (mod_id, mod_nome, mar_id) VALUES (909, "F430 SPIDER", 2);
INSERT INTO modelos (mod_id, mod_nome, mar_id) VALUES (910, "430", 2);
INSERT INTO modelos (mod_id, mod_nome, mar_id) VALUES (911, "612 SESSANTA", 2);
INSERT INTO modelos (mod_id, mod_nome, mar_id) VALUES (912, "599 GTB", 2);
INSERT INTO modelos (mod_id, mod_nome, mar_id) VALUES (913, "SCUDERIA SPIDER", 2);
INSERT INTO modelos (mod_id, mod_nome, mar_id) VALUES (914, "512", 2);
INSERT INTO modelos (mod_id, mod_nome, mar_id) VALUES (915, "456 GT", 2);
INSERT INTO modelos (mod_id, mod_nome, mar_id) VALUES (916, "348 GTS", 2);
INSERT INTO modelos (mod_id, mod_nome, mar_id) VALUES (917, "348 SPIDER", 2);
INSERT INTO modelos (mod_id, mod_nome, mar_id) VALUES (918, "F355", 2);
INSERT INTO modelos (mod_id, mod_nome, mar_id) VALUES (919, "F355 SPIDER", 2);
INSERT INTO modelos (mod_id, mod_nome, mar_id) VALUES (920, "F50", 2);
INSERT INTO modelos (mod_id, mod_nome, mar_id) VALUES (921, "355 SPIDER", 2);
INSERT INTO modelos (mod_id, mod_nome, mar_id) VALUES (922, "360 MODENA", 2);
INSERT INTO modelos (mod_id, mod_nome, mar_id) VALUES (923, "PAJERO FULL", 2);
INSERT INTO modelos (mod_id, mod_nome, mar_id) VALUES (924, "PAJERO DAKAR", 2);
INSERT INTO modelos (mod_id, mod_nome, mar_id) VALUES (925, "PAJERO TR4", 2);
INSERT INTO modelos (mod_id, mod_nome, mar_id) VALUES (926, "LANCER SPORTBACK", 2);
INSERT INTO modelos (mod_id, mod_nome, mar_id) VALUES (927, "LANCER EVOLUTION", 2);
INSERT INTO modelos (mod_id, mod_nome, mar_id) VALUES (928, "L200 TRITON SAVANA", 2);
INSERT INTO modelos (mod_id, mod_nome, mar_id) VALUES (929, "L200 TRITON", 2);
INSERT INTO modelos (mod_id, mod_nome, mar_id) VALUES (930, "LIVINA X-GEAR", 2);
INSERT INTO modelos (mod_id, mod_nome, mar_id) VALUES (931, "GRAND LIVINA", 2);
INSERT INTO modelos (mod_id, mod_nome, mar_id) VALUES (932, "NEW ACTYON SPORTS", 2);
INSERT INTO modelos (mod_id, mod_nome, mar_id) VALUES (933, "PRIUS", 2);
INSERT INTO modelos (mod_id, mod_nome, mar_id) VALUES (934, "SPORT", 2);
INSERT INTO modelos (mod_id, mod_nome, mar_id) VALUES (935, "MTS", 2);
INSERT INTO modelos (mod_id, mod_nome, mar_id) VALUES (936, "SPIDER", 2);
INSERT INTO modelos (mod_id, mod_nome, mar_id) VALUES (937, "KABRIO", 2);
INSERT INTO modelos (mod_id, mod_nome, mar_id) VALUES (938, "SAGA", 2);
INSERT INTO modelos (mod_id, mod_nome, mar_id) VALUES (939, "SAGA II", 2);
INSERT INTO modelos (mod_id, mod_nome, mar_id) VALUES (940, "787", 2);
INSERT INTO modelos (mod_id, mod_nome, mar_id) VALUES (941, "X11", 2);
INSERT INTO modelos (mod_id, mod_nome, mar_id) VALUES (942, "GAIOLA", 2);
INSERT INTO modelos (mod_id, mod_nome, mar_id) VALUES (943, "NITRO", 2);
INSERT INTO modelos (mod_id, mod_nome, mar_id) VALUES (944, "CHALLENGER", 2);
INSERT INTO modelos (mod_id, mod_nome, mar_id) VALUES (945, "DART", 2);
INSERT INTO modelos (mod_id, mod_nome, mar_id) VALUES (946, "CHARGER", 2);
INSERT INTO modelos (mod_id, mod_nome, mar_id) VALUES (947, "WINDSOR", 2);
INSERT INTO modelos (mod_id, mod_nome, mar_id) VALUES (948, "COUPE", 2);
INSERT INTO modelos (mod_id, mod_nome, mar_id) VALUES (949, "CENTURY", 2);
INSERT INTO modelos (mod_id, mod_nome, mar_id) VALUES (950, "APOLLO", 2);
INSERT INTO modelos (mod_id, mod_nome, mar_id) VALUES (951, "CENTURION", 2);
INSERT INTO modelos (mod_id, mod_nome, mar_id) VALUES (952, "EIGHT", 2);
INSERT INTO modelos (mod_id, mod_nome, mar_id) VALUES (953, "ELECTRA", 2);
INSERT INTO modelos (mod_id, mod_nome, mar_id) VALUES (954, "ESTATE WAGON", 2);
INSERT INTO modelos (mod_id, mod_nome, mar_id) VALUES (955, "GRAN SPORT", 2);
INSERT INTO modelos (mod_id, mod_nome, mar_id) VALUES (956, "GSX", 2);
INSERT INTO modelos (mod_id, mod_nome, mar_id) VALUES (957, "INVICTA", 2);
INSERT INTO modelos (mod_id, mod_nome, mar_id) VALUES (958, "LESABRE", 2);
INSERT INTO modelos (mod_id, mod_nome, mar_id) VALUES (959, "LIMITED", 2);
INSERT INTO modelos (mod_id, mod_nome, mar_id) VALUES (960, "SPORT WAGON", 2);
INSERT INTO modelos (mod_id, mod_nome, mar_id) VALUES (961, "SUPER", 2);
INSERT INTO modelos (mod_id, mod_nome, mar_id) VALUES (962, "TERRAZA", 2);
INSERT INTO modelos (mod_id, mod_nome, mar_id) VALUES (963, "WILDCAT", 2);
INSERT INTO modelos (mod_id, mod_nome, mar_id) VALUES (964, "HRV", 2);
INSERT INTO modelos (mod_id, mod_nome, mar_id) VALUES (965, "ROYALE PRINCE", 2);
INSERT INTO modelos (mod_id, mod_nome, mar_id) VALUES (966, "ROYALE SALON", 2);
INSERT INTO modelos (mod_id, mod_nome, mar_id) VALUES (967, "RURAL", 2);
INSERT INTO modelos (mod_id, mod_nome, mar_id) VALUES (968, "D100", 2);
INSERT INTO modelos (mod_id, mod_nome, mar_id) VALUES (969, "170", 2);
INSERT INTO modelos (mod_id, mod_nome, mar_id) VALUES (970, "CUSTOM ROYAL", 2);
INSERT INTO modelos (mod_id, mod_nome, mar_id) VALUES (971, "CLUB COUPE", 2);
INSERT INTO modelos (mod_id, mod_nome, mar_id) VALUES (972, "MAGNUM", 2);
INSERT INTO modelos (mod_id, mod_nome, mar_id) VALUES (973, "GMC 100", 2);
INSERT INTO modelos (mod_id, mod_nome, mar_id) VALUES (974, "ITAMARATY", 2);
INSERT INTO modelos (mod_id, mod_nome, mar_id) VALUES (975, "MARK V", 2);
INSERT INTO modelos (mod_id, mod_nome, mar_id) VALUES (976, "GT", 2);
INSERT INTO modelos (mod_id, mod_nome, mar_id) VALUES (977, "CHAMPION", 2);
INSERT INTO modelos (mod_id, mod_nome, mar_id) VALUES (978, "BALILLA", 2);
INSERT INTO modelos (mod_id, mod_nome, mar_id) VALUES (979, "INTERLAGOS", 2);
INSERT INTO modelos (mod_id, mod_nome, mar_id) VALUES (980, "X15", 2);
INSERT INTO modelos (mod_id, mod_nome, mar_id) VALUES (981, "F-85", 2);
INSERT INTO modelos (mod_id, mod_nome, mar_id) VALUES (982, "SPEEDSTER 356", 2);
INSERT INTO modelos (mod_id, mod_nome, mar_id) VALUES (983, "TOPIC FURGAO", 2);
INSERT INTO modelos (mod_id, mod_nome, mar_id) VALUES (984, "TOPIC ESCOLAR", 2);
INSERT INTO modelos (mod_id, mod_nome, mar_id) VALUES (985, "300D", 2);
INSERT INTO modelos (mod_id, mod_nome, mar_id) VALUES (986, "CLASSE TE", 2);
INSERT INTO modelos (mod_id, mod_nome, mar_id) VALUES (987, "T-100", 2);
INSERT INTO modelos (mod_id, mod_nome, mar_id) VALUES (988, "MEGANE SEDAN", 2);
INSERT INTO modelos (mod_id, mod_nome, mar_id) VALUES (989, "A4 CABRIOLET", 2);
INSERT INTO modelos (mod_id, mod_nome, mar_id) VALUES (990, "LINHA G", 2);
INSERT INTO modelos (mod_id, mod_nome, mar_id) VALUES (991, "LINHA G COUPE", 2);
INSERT INTO modelos (mod_id, mod_nome, mar_id) VALUES (992, "LINHA G CONVERSIVEL", 2);
INSERT INTO modelos (mod_id, mod_nome, mar_id) VALUES (993, "LINHA M", 2);
INSERT INTO modelos (mod_id, mod_nome, mar_id) VALUES (994, "LINHA EX", 2);
INSERT INTO modelos (mod_id, mod_nome, mar_id) VALUES (995, "LINHA JX", 2);
INSERT INTO modelos (mod_id, mod_nome, mar_id) VALUES (996, "LINHA QX", 2);
INSERT INTO modelos (mod_id, mod_nome, mar_id) VALUES (997, "MODELOS XF", 2);
INSERT INTO modelos (mod_id, mod_nome, mar_id) VALUES (998, "F-TYPE", 2);
INSERT INTO modelos (mod_id, mod_nome, mar_id) VALUES (999, "MARK VII", 2);
INSERT INTO modelos (mod_id, mod_nome, mar_id) VALUES (1000, "MARK VIII", 2);
INSERT INTO modelos (mod_id, mod_nome, mar_id) VALUES (1001, "MARK IX", 2);
INSERT INTO modelos (mod_id, mod_nome, mar_id) VALUES (1002, "MARK X", 2);
INSERT INTO modelos (mod_id, mod_nome, mar_id) VALUES (1003, "E-TYPE", 2);
INSERT INTO modelos (mod_id, mod_nome, mar_id) VALUES (1004, "C-TYPE", 2);
INSERT INTO modelos (mod_id, mod_nome, mar_id) VALUES (1005, "D-TYPE", 2);
INSERT INTO modelos (mod_id, mod_nome, mar_id) VALUES (1006, "MARK I", 2);
INSERT INTO modelos (mod_id, mod_nome, mar_id) VALUES (1007, "MARK II", 2);
INSERT INTO modelos (mod_id, mod_nome, mar_id) VALUES (1008, "GT4R", 2);
INSERT INTO modelos (mod_id, mod_nome, mar_id) VALUES (1009, "SPYDER", 2);
INSERT INTO modelos (mod_id, mod_nome, mar_id) VALUES (1010, "GTI", 2);
INSERT INTO modelos (mod_id, mod_nome, mar_id) VALUES (1011, "AM1", 2);
INSERT INTO modelos (mod_id, mod_nome, mar_id) VALUES (1012, "AM2", 2);
INSERT INTO modelos (mod_id, mod_nome, mar_id) VALUES (1013, "AM3", 2);
INSERT INTO modelos (mod_id, mod_nome, mar_id) VALUES (1014, "AM4", 2);
INSERT INTO modelos (mod_id, mod_nome, mar_id) VALUES (1015, "AMV", 2);
INSERT INTO modelos (mod_id, mod_nome, mar_id) VALUES (1016, "ACTY", 2);
INSERT INTO modelos (mod_id, mod_nome, mar_id) VALUES (1017, "CR-X", 2);
INSERT INTO modelos (mod_id, mod_nome, mar_id) VALUES (1018, "CONCERTO", 2);
INSERT INTO modelos (mod_id, mod_nome, mar_id) VALUES (1019, "CR-Z", 2);
INSERT INTO modelos (mod_id, mod_nome, mar_id) VALUES (1020, "FR-V", 2);
INSERT INTO modelos (mod_id, mod_nome, mar_id) VALUES (1021, "HR-V", 2);
INSERT INTO modelos (mod_id, mod_nome, mar_id) VALUES (1022, "HSC", 2);
INSERT INTO modelos (mod_id, mod_nome, mar_id) VALUES (1023, "S2000", 2);
INSERT INTO modelos (mod_id, mod_nome, mar_id) VALUES (1024, "S600", 2);
INSERT INTO modelos (mod_id, mod_nome, mar_id) VALUES (1025, "S500", 2);
INSERT INTO modelos (mod_id, mod_nome, mar_id) VALUES (1026, "S800", 2);
INSERT INTO modelos (mod_id, mod_nome, mar_id) VALUES (1027, "VERONA", 2);
INSERT INTO modelos (mod_id, mod_nome, mar_id) VALUES (1028, "JEEP CJ", 2);
INSERT INTO modelos (mod_id, mod_nome, mar_id) VALUES (1029, "306 CABRIOLET", 2);
INSERT INTO modelos (mod_id, mod_nome, mar_id) VALUES (1030, "BELCAR", 2);
INSERT INTO modelos (mod_id, mod_nome, mar_id) VALUES (1031, "M715", 2);
INSERT INTO modelos (mod_id, mod_nome, mar_id) VALUES (1032, "407 SW", 2);
INSERT INTO modelos (mod_id, mod_nome, mar_id) VALUES (1033, "307 CC", 2);
INSERT INTO modelos (mod_id, mod_nome, mar_id) VALUES (1034, "GT2", 2);
INSERT INTO modelos (mod_id, mod_nome, mar_id) VALUES (1035, "VEYRON", 2);
INSERT INTO modelos (mod_id, mod_nome, mar_id) VALUES (1036, "ENZO", 2);
INSERT INTO modelos (mod_id, mod_nome, mar_id) VALUES (1037, "306 SW", 2);
INSERT INTO modelos (mod_id, mod_nome, mar_id) VALUES (1038, "TI 80", 2);
INSERT INTO modelos (mod_id, mod_nome, mar_id) VALUES (1039, "SPYDER 550", 2);
INSERT INTO modelos (mod_id, mod_nome, mar_id) VALUES (1040, "380 GTB", 2);
INSERT INTO modelos (mod_id, mod_nome, mar_id) VALUES (1041, "T-5", 2);
INSERT INTO modelos (mod_id, mod_nome, mar_id) VALUES (1042, "IMPALA", 2);
INSERT INTO modelos (mod_id, mod_nome, mar_id) VALUES (1043, "208", 2);
INSERT INTO modelos (mod_id, mod_nome, mar_id) VALUES (1044, "GRAND BLAZER", 2);
INSERT INTO modelos (mod_id, mod_nome, mar_id) VALUES (1045, "100 SERIES", 2);
INSERT INTO modelos (mod_id, mod_nome, mar_id) VALUES (1046, "200 SERIES", 2);
INSERT INTO modelos (mod_id, mod_nome, mar_id) VALUES (1047, "300 SERIES", 2);
INSERT INTO modelos (mod_id, mod_nome, mar_id) VALUES (1048, "66", 2);
INSERT INTO modelos (mod_id, mod_nome, mar_id) VALUES (1049, "700 SERIES", 2);
INSERT INTO modelos (mod_id, mod_nome, mar_id) VALUES (1050, "AMAZON", 2);
INSERT INTO modelos (mod_id, mod_nome, mar_id) VALUES (1051, "C303", 2);
INSERT INTO modelos (mod_id, mod_nome, mar_id) VALUES (1052, "DUETT", 2);
INSERT INTO modelos (mod_id, mod_nome, mar_id) VALUES (1053, "L3314", 2);
INSERT INTO modelos (mod_id, mod_nome, mar_id) VALUES (1054, "OV 4", 2);
INSERT INTO modelos (mod_id, mod_nome, mar_id) VALUES (1055, "P1800", 2);
INSERT INTO modelos (mod_id, mod_nome, mar_id) VALUES (1056, "TT", 2);
INSERT INTO modelos (mod_id, mod_nome, mar_id) VALUES (1057, "G15", 2);
INSERT INTO modelos (mod_id, mod_nome, mar_id) VALUES (1058, "PAJERO FULL 3D", 2);
INSERT INTO modelos (mod_id, mod_nome, mar_id) VALUES (1059, "PAJERO SPORT", 2);
INSERT INTO modelos (mod_id, mod_nome, mar_id) VALUES (1060, "120 CABRIO", 2);
INSERT INTO modelos (mod_id, mod_nome, mar_id) VALUES (1061, "320 TOURING", 2);
INSERT INTO modelos (mod_id, mod_nome, mar_id) VALUES (1062, "330 CABRIO", 2);
INSERT INTO modelos (mod_id, mod_nome, mar_id) VALUES (1063, "SERIE 5 TOURING", 2);
INSERT INTO modelos (mod_id, mod_nome, mar_id) VALUES (1064, "SERIE 6 CABRIO", 2);
INSERT INTO modelos (mod_id, mod_nome, mar_id) VALUES (1065, "SERIE M CONVERSIVEL", 2);
INSERT INTO modelos (mod_id, mod_nome, mar_id) VALUES (1066, "M5 TOURING", 2);
INSERT INTO modelos (mod_id, mod_nome, mar_id) VALUES (1067, "SERIE Z ROADSTER", 2);
INSERT INTO modelos (mod_id, mod_nome, mar_id) VALUES (1068, "KA SPORT", 2);
INSERT INTO modelos (mod_id, mod_nome, mar_id) VALUES (1069, "CC", 2);
INSERT INTO modelos (mod_id, mod_nome, mar_id) VALUES (1070, "CERATO KOUP", 2);
INSERT INTO modelos (mod_id, mod_nome, mar_id) VALUES (1071, "ASTRO", 2);
INSERT INTO modelos (mod_id, mod_nome, mar_id) VALUES (1072, "COROLLA XRS", 2);
INSERT INTO modelos (mod_id, mod_nome, mar_id) VALUES (1073, "ETIOS SEDAN", 2);
INSERT INTO modelos (mod_id, mod_nome, mar_id) VALUES (1074, "FREESTYLE", 2);
INSERT INTO modelos (mod_id, mod_nome, mar_id) VALUES (1075, "AXE", 2);
INSERT INTO modelos (mod_id, mod_nome, mar_id) VALUES (1076, "LEGEND", 2);
INSERT INTO modelos (mod_id, mod_nome, mar_id) VALUES (1077, "CJ3", 2);
INSERT INTO modelos (mod_id, mod_nome, mar_id) VALUES (1078, "ALVORADA", 2);
INSERT INTO modelos (mod_id, mod_nome, mar_id) VALUES (1079, "1200S", 2);
INSERT INTO modelos (mod_id, mod_nome, mar_id) VALUES (1080, "1000", 2);
INSERT INTO modelos (mod_id, mod_nome, mar_id) VALUES (1081, "HB20X", 2);
INSERT INTO modelos (mod_id, mod_nome, mar_id) VALUES (1082, "HB20S", 2);
INSERT INTO modelos (mod_id, mod_nome, mar_id) VALUES (1083, "MONZA", 2);
INSERT INTO modelos (mod_id, mod_nome, mar_id) VALUES (1084, "CHEVETTE", 2);
INSERT INTO modelos (mod_id, mod_nome, mar_id) VALUES (1085, "X60", 2);
INSERT INTO modelos (mod_id, mod_nome, mar_id) VALUES (1086, "TRAX", 2);
INSERT INTO modelos (mod_id, mod_nome, mar_id) VALUES (1087, "118", 2);
INSERT INTO modelos (mod_id, mod_nome, mar_id) VALUES (1088, "120", 2);
INSERT INTO modelos (mod_id, mod_nome, mar_id) VALUES (1089, "130", 2);
INSERT INTO modelos (mod_id, mod_nome, mar_id) VALUES (1090, "BAVARIA", 2);
INSERT INTO modelos (mod_id, mod_nome, mar_id) VALUES (1091, "C-2800", 2);
INSERT INTO modelos (mod_id, mod_nome, mar_id) VALUES (1092, "318", 2);
INSERT INTO modelos (mod_id, mod_nome, mar_id) VALUES (1093, "320", 2);
INSERT INTO modelos (mod_id, mod_nome, mar_id) VALUES (1094, "318 CABRIO", 2);
INSERT INTO modelos (mod_id, mod_nome, mar_id) VALUES (1095, "325 CABRIO", 2);
INSERT INTO modelos (mod_id, mod_nome, mar_id) VALUES (1096, "530", 2);
INSERT INTO modelos (mod_id, mod_nome, mar_id) VALUES (1097, "540", 2);
INSERT INTO modelos (mod_id, mod_nome, mar_id) VALUES (1098, "550", 2);
INSERT INTO modelos (mod_id, mod_nome, mar_id) VALUES (1099, "740", 2);
INSERT INTO modelos (mod_id, mod_nome, mar_id) VALUES (1100, "750", 2);
INSERT INTO modelos (mod_id, mod_nome, mar_id) VALUES (1101, "760", 2);
INSERT INTO modelos (mod_id, mod_nome, mar_id) VALUES (1102, "MATRIX 4X4", 2);
INSERT INTO modelos (mod_id, mod_nome, mar_id) VALUES (1103, "A7", 2);
INSERT INTO modelos (mod_id, mod_nome, mar_id) VALUES (1104, "A9", 2);
INSERT INTO modelos (mod_id, mod_nome, mar_id) VALUES (1105, "A9 CARGO", 2);
INSERT INTO modelos (mod_id, mod_nome, mar_id) VALUES (1106, "T20", 2);
INSERT INTO modelos (mod_id, mod_nome, mar_id) VALUES (1107, "T20 BAU", 2);
INSERT INTO modelos (mod_id, mod_nome, mar_id) VALUES (1108, "T22", 2);
INSERT INTO modelos (mod_id, mod_nome, mar_id) VALUES (1109, "SUPER 90 COUPE", 2);
INSERT INTO modelos (mod_id, mod_nome, mar_id) VALUES (1110, "X20", 2);
INSERT INTO modelos (mod_id, mod_nome, mar_id) VALUES (1111, "ITAIPU", 2);
INSERT INTO modelos (mod_id, mod_nome, mar_id) VALUES (1112, "G800", 2);
INSERT INTO modelos (mod_id, mod_nome, mar_id) VALUES (1113, "XEF", 2);
INSERT INTO modelos (mod_id, mod_nome, mar_id) VALUES (1114, "MOTOMACHINE", 2);
INSERT INTO modelos (mod_id, mod_nome, mar_id) VALUES (1115, "BUGATO", 2);
INSERT INTO modelos (mod_id, mod_nome, mar_id) VALUES (1116, "QT", 2);
INSERT INTO modelos (mod_id, mod_nome, mar_id) VALUES (1117, "C4 LOUNGE", 2);
INSERT INTO modelos (mod_id, mod_nome, mar_id) VALUES (1118, "CX-7", 2);
INSERT INTO modelos (mod_id, mod_nome, mar_id) VALUES (1119, "TR", 2);
INSERT INTO modelos (mod_id, mod_nome, mar_id) VALUES (1120, "C70", 2);
INSERT INTO modelos (mod_id, mod_nome, mar_id) VALUES (1121, "C30", 2);
INSERT INTO modelos (mod_id, mod_nome, mar_id) VALUES (1122, "544", 2);
INSERT INTO modelos (mod_id, mod_nome, mar_id) VALUES (1123, "S40", 2);
INSERT INTO modelos (mod_id, mod_nome, mar_id) VALUES (1124, "S60", 2);
INSERT INTO modelos (mod_id, mod_nome, mar_id) VALUES (1125, "S70", 2);
INSERT INTO modelos (mod_id, mod_nome, mar_id) VALUES (1126, "S80", 2);
INSERT INTO modelos (mod_id, mod_nome, mar_id) VALUES (1127, "V40", 2);
INSERT INTO modelos (mod_id, mod_nome, mar_id) VALUES (1128, "V50", 2);
INSERT INTO modelos (mod_id, mod_nome, mar_id) VALUES (1129, "V60", 2);
INSERT INTO modelos (mod_id, mod_nome, mar_id) VALUES (1130, "V70", 2);
INSERT INTO modelos (mod_id, mod_nome, mar_id) VALUES (1131, "S90", 2);
INSERT INTO modelos (mod_id, mod_nome, mar_id) VALUES (1132, "XC60", 2);
INSERT INTO modelos (mod_id, mod_nome, mar_id) VALUES (1133, "XC70", 2);
INSERT INTO modelos (mod_id, mod_nome, mar_id) VALUES (1134, "XC90", 2);
INSERT INTO modelos (mod_id, mod_nome, mar_id) VALUES (1135, "P1900", 2);
INSERT INTO modelos (mod_id, mod_nome, mar_id) VALUES (1136, "PV36", 2);
INSERT INTO modelos (mod_id, mod_nome, mar_id) VALUES (1137, "PV444", 2);
INSERT INTO modelos (mod_id, mod_nome, mar_id) VALUES (1138, "PV544", 2);
INSERT INTO modelos (mod_id, mod_nome, mar_id) VALUES (1139, "PV51", 2);
INSERT INTO modelos (mod_id, mod_nome, mar_id) VALUES (1140, "PV654", 2);
INSERT INTO modelos (mod_id, mod_nome, mar_id) VALUES (1141, "C50", 2);
INSERT INTO modelos (mod_id, mod_nome, mar_id) VALUES (1142, "190", 2);
INSERT INTO modelos (mod_id, mod_nome, mar_id) VALUES (1143, "CLASSE CLA", 2);
INSERT INTO modelos (mod_id, mod_nome, mar_id) VALUES (1144, "CLASSE V", 2);
INSERT INTO modelos (mod_id, mod_nome, mar_id) VALUES (1145, "CLASSE S CLASSICO", 2);
INSERT INTO modelos (mod_id, mod_nome, mar_id) VALUES (1146, "J3S", 2);
INSERT INTO modelos (mod_id, mod_nome, mar_id) VALUES (1147, "PICK-UP", 2);
INSERT INTO modelos (mod_id, mod_nome, mar_id) VALUES (1148, "VAN", 2);
INSERT INTO modelos (mod_id, mod_nome, mar_id) VALUES (1149, "C3 SOLARIS", 2);
INSERT INTO modelos (mod_id, mod_nome, mar_id) VALUES (1150, "C3 XTR", 2);
INSERT INTO modelos (mod_id, mod_nome, mar_id) VALUES (1151, "C4 SOLARIS", 2);
INSERT INTO modelos (mod_id, mod_nome, mar_id) VALUES (1152, "C5 BREAK/TOURER", 2);
INSERT INTO modelos (mod_id, mod_nome, mar_id) VALUES (1153, "XSARA BREAK", 2);
INSERT INTO modelos (mod_id, mod_nome, mar_id) VALUES (1154, "XSARA VTS", 2);
INSERT INTO modelos (mod_id, mod_nome, mar_id) VALUES (1155, "C15", 2);
INSERT INTO modelos (mod_id, mod_nome, mar_id) VALUES (1156, "VISA", 2);
INSERT INTO modelos (mod_id, mod_nome, mar_id) VALUES (1157, "C1", 2);
INSERT INTO modelos (mod_id, mod_nome, mar_id) VALUES (1158, "C2", 2);
INSERT INTO modelos (mod_id, mod_nome, mar_id) VALUES (1159, "C3 PLURIEL", 2);
INSERT INTO modelos (mod_id, mod_nome, mar_id) VALUES (1160, "DS4", 2);
INSERT INTO modelos (mod_id, mod_nome, mar_id) VALUES (1161, "DS5", 2);
INSERT INTO modelos (mod_id, mod_nome, mar_id) VALUES (1162, "JUMPY", 2);
INSERT INTO modelos (mod_id, mod_nome, mar_id) VALUES (1163, "C-CROSSER", 2);
INSERT INTO modelos (mod_id, mod_nome, mar_id) VALUES (1164, "C35", 2);
INSERT INTO modelos (mod_id, mod_nome, mar_id) VALUES (1165, "C25", 2);
INSERT INTO modelos (mod_id, mod_nome, mar_id) VALUES (1166, "CX", 2);
INSERT INTO modelos (mod_id, mod_nome, mar_id) VALUES (1167, "CX BREAK", 2);
INSERT INTO modelos (mod_id, mod_nome, mar_id) VALUES (1168, "A1 SPORTBACK", 2);
INSERT INTO modelos (mod_id, mod_nome, mar_id) VALUES (1169, "A1 QUATTRO", 2);
INSERT INTO modelos (mod_id, mod_nome, mar_id) VALUES (1170, "A3 SPORTBACK", 2);
INSERT INTO modelos (mod_id, mod_nome, mar_id) VALUES (1171, "RS4 AVANT", 2);
INSERT INTO modelos (mod_id, mod_nome, mar_id) VALUES (1172, "A8L W12", 2);
INSERT INTO modelos (mod_id, mod_nome, mar_id) VALUES (1173, "R8 V10", 2);
INSERT INTO modelos (mod_id, mod_nome, mar_id) VALUES (1174, "RANGER CD", 2);
INSERT INTO modelos (mod_id, mod_nome, mar_id) VALUES (1175, "T140", 2);
INSERT INTO modelos (mod_id, mod_nome, mar_id) VALUES (1176, "X1", 2);
INSERT INTO modelos (mod_id, mod_nome, mar_id) VALUES (1177, "X3", 2);
INSERT INTO modelos (mod_id, mod_nome, mar_id) VALUES (1178, "X5", 2);
INSERT INTO modelos (mod_id, mod_nome, mar_id) VALUES (1179, "X6", 2);
INSERT INTO modelos (mod_id, mod_nome, mar_id) VALUES (1180, "840", 2);
INSERT INTO modelos (mod_id, mod_nome, mar_id) VALUES (1181, "850", 2);
INSERT INTO modelos (mod_id, mod_nome, mar_id) VALUES (1182, "645", 2);
INSERT INTO modelos (mod_id, mod_nome, mar_id) VALUES (1183, "650", 2);
INSERT INTO modelos (mod_id, mod_nome, mar_id) VALUES (1184, "FIT TWIST", 2);
INSERT INTO modelos (mod_id, mod_nome, mar_id) VALUES (1185, "MP4", 2);
INSERT INTO modelos (mod_id, mod_nome, mar_id) VALUES (1186, "F1", 2);
INSERT INTO modelos (mod_id, mod_nome, mar_id) VALUES (1187, "MONDEO SW", 2);
INSERT INTO modelos (mod_id, mod_nome, mar_id) VALUES (1188, "ESCORT SEDAN", 2);
INSERT INTO modelos (mod_id, mod_nome, mar_id) VALUES (1189, "ESCORT CONVERSIVEL", 2);
INSERT INTO modelos (mod_id, mod_nome, mar_id) VALUES (1190, "MX-6", 2);
INSERT INTO modelos (mod_id, mod_nome, mar_id) VALUES (1191, "CORISCO", 2);
INSERT INTO modelos (mod_id, mod_nome, mar_id) VALUES (1192, "CHEVELLE", 2);
INSERT INTO modelos (mod_id, mod_nome, mar_id) VALUES (1193, "EXCURSION", 2);
INSERT INTO modelos (mod_id, mod_nome, mar_id) VALUES (1194, "TOURAN", 2);
INSERT INTO modelos (mod_id, mod_nome, mar_id) VALUES (1195, "F-10000", 2);
INSERT INTO modelos (mod_id, mod_nome, mar_id) VALUES (1196, "HOGGAR ESCAPADE", 2);
INSERT INTO modelos (mod_id, mod_nome, mar_id) VALUES (1197, "PHAETON", 2);
INSERT INTO modelos (mod_id, mod_nome, mar_id) VALUES (1198, "TRANSPORTER", 2);
INSERT INTO modelos (mod_id, mod_nome, mar_id) VALUES (1199, "GRAND BESTA", 2);
INSERT INTO modelos (mod_id, mod_nome, mar_id) VALUES (1200, "200SX", 2);
INSERT INTO modelos (mod_id, mod_nome, mar_id) VALUES (1201, "240SX", 2);
INSERT INTO modelos (mod_id, mod_nome, mar_id) VALUES (1202, "300M", 2);
INSERT INTO modelos (mod_id, mod_nome, mar_id) VALUES (1203, "300C TOURING", 2);
INSERT INTO modelos (mod_id, mod_nome, mar_id) VALUES (1204, "TORINO", 2);
INSERT INTO modelos (mod_id, mod_nome, mar_id) VALUES (1205, "VENTURE", 2);
INSERT INTO modelos (mod_id, mod_nome, mar_id) VALUES (1206, "FLEETLINE", 2);
INSERT INTO modelos (mod_id, mod_nome, mar_id) VALUES (1207, "FLEETMASTER", 2);
INSERT INTO modelos (mod_id, mod_nome, mar_id) VALUES (1208, "DELUXE", 2);
INSERT INTO modelos (mod_id, mod_nome, mar_id) VALUES (1209, "ESCORT XR3", 2);
INSERT INTO modelos (mod_id, mod_nome, mar_id) VALUES (1210, "MASTER", 2);
INSERT INTO modelos (mod_id, mod_nome, mar_id) VALUES (1211, "TORONADO", 2);
INSERT INTO modelos (mod_id, mod_nome, mar_id) VALUES (1212, "SIX", 2);
INSERT INTO modelos (mod_id, mod_nome, mar_id) VALUES (1213, "EIGHT", 2);
INSERT INTO modelos (mod_id, mod_nome, mar_id) VALUES (1214, "DELUXE", 2);
INSERT INTO modelos (mod_id, mod_nome, mar_id) VALUES (1215, "SERIES 60", 2);
INSERT INTO modelos (mod_id, mod_nome, mar_id) VALUES (1216, "SERIES 70", 2);
INSERT INTO modelos (mod_id, mod_nome, mar_id) VALUES (1217, "SERIES 80", 2);
INSERT INTO modelos (mod_id, mod_nome, mar_id) VALUES (1218, "SERIES 90", 2);
INSERT INTO modelos (mod_id, mod_nome, mar_id) VALUES (1219, "STARFIRE", 2);
INSERT INTO modelos (mod_id, mod_nome, mar_id) VALUES (1220, "442", 2);
INSERT INTO modelos (mod_id, mod_nome, mar_id) VALUES (1221, "CUSTOM CRUISER", 2);
INSERT INTO modelos (mod_id, mod_nome, mar_id) VALUES (1222, "VISTA CRUISER", 2);
INSERT INTO modelos (mod_id, mod_nome, mar_id) VALUES (1223, "F-85", 2);
INSERT INTO modelos (mod_id, mod_nome, mar_id) VALUES (1224, "SUPERBIRD", 2);
INSERT INTO modelos (mod_id, mod_nome, mar_id) VALUES (1225, "FURY", 2);
INSERT INTO modelos (mod_id, mod_nome, mar_id) VALUES (1226, "SPECIAL", 2);
INSERT INTO modelos (mod_id, mod_nome, mar_id) VALUES (1227, "PROWLER", 2);
INSERT INTO modelos (mod_id, mod_nome, mar_id) VALUES (1228, "TRAIL DUSTER", 2);
INSERT INTO modelos (mod_id, mod_nome, mar_id) VALUES (1229, "VOYAGER", 2);
INSERT INTO modelos (mod_id, mod_nome, mar_id) VALUES (1230, "SCAMP", 2);
INSERT INTO modelos (mod_id, mod_nome, mar_id) VALUES (1231, "ARROW", 2);
INSERT INTO modelos (mod_id, mod_nome, mar_id) VALUES (1232, "PT50", 2);
INSERT INTO modelos (mod_id, mod_nome, mar_id) VALUES (1233, "PT57", 2);
INSERT INTO modelos (mod_id, mod_nome, mar_id) VALUES (1234, "PT81", 2);
INSERT INTO modelos (mod_id, mod_nome, mar_id) VALUES (1235, "PT105", 2);
INSERT INTO modelos (mod_id, mod_nome, mar_id) VALUES (1236, "PT125", 2);
INSERT INTO modelos (mod_id, mod_nome, mar_id) VALUES (1237, "EXPRESS", 2);
INSERT INTO modelos (mod_id, mod_nome, mar_id) VALUES (1238, "VOYAGER EXPRESSO", 2);
INSERT INTO modelos (mod_id, mod_nome, mar_id) VALUES (1239, "NEON", 2);
INSERT INTO modelos (mod_id, mod_nome, mar_id) VALUES (1240, "LASER", 2);
INSERT INTO modelos (mod_id, mod_nome, mar_id) VALUES (1241, "CARAVELLE", 2);
INSERT INTO modelos (mod_id, mod_nome, mar_id) VALUES (1242, "STATION WAGON", 2);
INSERT INTO modelos (mod_id, mod_nome, mar_id) VALUES (1243, "MODEL Q", 2);
INSERT INTO modelos (mod_id, mod_nome, mar_id) VALUES (1244, "MODEL P6", 2);
INSERT INTO modelos (mod_id, mod_nome, mar_id) VALUES (1245, "DB9 COUPE", 2);
INSERT INTO modelos (mod_id, mod_nome, mar_id) VALUES (1246, "DB9 VOLANTE", 2);
INSERT INTO modelos (mod_id, mod_nome, mar_id) VALUES (1247, "VIRAGE COUPE", 2);
INSERT INTO modelos (mod_id, mod_nome, mar_id) VALUES (1248, "RAPIDE S", 2);
INSERT INTO modelos (mod_id, mod_nome, mar_id) VALUES (1249, "V12 VANTAGE", 2);
INSERT INTO modelos (mod_id, mod_nome, mar_id) VALUES (1250, "V8 VANTAGE COUPE", 2);
INSERT INTO modelos (mod_id, mod_nome, mar_id) VALUES (1251, "V8 VANTAGE ROADSTER", 2);
INSERT INTO modelos (mod_id, mod_nome, mar_id) VALUES (1252, "V8 VANTAGE S COUPE", 2);
INSERT INTO modelos (mod_id, mod_nome, mar_id) VALUES (1253, "V8 VANTAGE S ROADSTER", 2);
INSERT INTO modelos (mod_id, mod_nome, mar_id) VALUES (1254, "VANQUISH COUPE", 2);
INSERT INTO modelos (mod_id, mod_nome, mar_id) VALUES (1255, "VANQUISH VOLANTE", 2);
INSERT INTO modelos (mod_id, mod_nome, mar_id) VALUES (1256, "V12 ZAGATO", 2);
INSERT INTO modelos (mod_id, mod_nome, mar_id) VALUES (1257, "DB5", 2);
INSERT INTO modelos (mod_id, mod_nome, mar_id) VALUES (1258, "DBS", 2);
INSERT INTO modelos (mod_id, mod_nome, mar_id) VALUES (1259, "DBS VOLANTE", 2);
INSERT INTO modelos (mod_id, mod_nome, mar_id) VALUES (1260, "CYGNET", 2);
INSERT INTO modelos (mod_id, mod_nome, mar_id) VALUES (1261, "ONE-77", 2);
INSERT INTO modelos (mod_id, mod_nome, mar_id) VALUES (1262, "DBR9", 2);
INSERT INTO modelos (mod_id, mod_nome, mar_id) VALUES (1263, "M3", 2);
INSERT INTO modelos (mod_id, mod_nome, mar_id) VALUES (1264, "M5", 2);
INSERT INTO modelos (mod_id, mod_nome, mar_id) VALUES (1265, "M6", 2);
INSERT INTO modelos (mod_id, mod_nome, mar_id) VALUES (1266, "X6 M", 2);
INSERT INTO modelos (mod_id, mod_nome, mar_id) VALUES (1267, "CABRIO", 2);
INSERT INTO modelos (mod_id, mod_nome, mar_id) VALUES (1268, "COUPE", 2);
INSERT INTO modelos (mod_id, mod_nome, mar_id) VALUES (1269, "ROADSTER", 2);
INSERT INTO modelos (mod_id, mod_nome, mar_id) VALUES (1270, "COUNTRYMAN", 2);
INSERT INTO modelos (mod_id, mod_nome, mar_id) VALUES (1271, "PACEMAN", 2);
INSERT INTO modelos (mod_id, mod_nome, mar_id) VALUES (1272, "JOHN COOPER WORKS", 2);
INSERT INTO modelos (mod_id, mod_nome, mar_id) VALUES (1273, "ZONDA", 2);
INSERT INTO modelos (mod_id, mod_nome, mar_id) VALUES (1274, "NEW XV", 2);
INSERT INTO modelos (mod_id, mod_nome, mar_id) VALUES (1275, "IMPREZA WRX HATCH", 2);
INSERT INTO modelos (mod_id, mod_nome, mar_id) VALUES (1276, "IMPREZA WRX STI HATCH", 2);
INSERT INTO modelos (mod_id, mod_nome, mar_id) VALUES (1277, "IMPREZA WRX STI SEDAN", 2);
INSERT INTO modelos (mod_id, mod_nome, mar_id) VALUES (1278, "IMPREZA WRX SEDAN", 2);
INSERT INTO modelos (mod_id, mod_nome, mar_id) VALUES (1279, "ETIOS CROSS", 2);
INSERT INTO modelos (mod_id, mod_nome, mar_id) VALUES (1280, "HURACAN", 2);
INSERT INTO modelos (mod_id, mod_nome, mar_id) VALUES (1281, "UP", 2);
INSERT INTO modelos (mod_id, mod_nome, mar_id) VALUES (1282, "EXPLORER", 2);
INSERT INTO modelos (mod_id, mod_nome, mar_id) VALUES (1283, "FORTWO CABRIO", 2);
INSERT INTO modelos (mod_id, mod_nome, mar_id) VALUES (1284, "GT", 2);
INSERT INTO modelos (mod_id, mod_nome, mar_id) VALUES (1285, "GTL", 2);
INSERT INTO modelos (mod_id, mod_nome, mar_id) VALUES (1286, "GTM", 2);
INSERT INTO modelos (mod_id, mod_nome, mar_id) VALUES (1287, "C2", 2);
INSERT INTO modelos (mod_id, mod_nome, mar_id) VALUES (1288, "CRX", 2);
INSERT INTO modelos (mod_id, mod_nome, mar_id) VALUES (1289, "AC 2000", 2);
INSERT INTO modelos (mod_id, mod_nome, mar_id) VALUES (1290, "AVIATOR", 2);
INSERT INTO modelos (mod_id, mod_nome, mar_id) VALUES (1291, "BLACKWOOD", 2);
INSERT INTO modelos (mod_id, mod_nome, mar_id) VALUES (1292, "CAPRI", 2);
INSERT INTO modelos (mod_id, mod_nome, mar_id) VALUES (1293, "CONTINENTAL", 2);
INSERT INTO modelos (mod_id, mod_nome, mar_id) VALUES (1294, "LS", 2);
INSERT INTO modelos (mod_id, mod_nome, mar_id) VALUES (1295, "MARK", 2);
INSERT INTO modelos (mod_id, mod_nome, mar_id) VALUES (1296, "MARK LT", 2);
INSERT INTO modelos (mod_id, mod_nome, mar_id) VALUES (1297, "MKR", 2);
INSERT INTO modelos (mod_id, mod_nome, mar_id) VALUES (1298, "MKS", 2);
INSERT INTO modelos (mod_id, mod_nome, mar_id) VALUES (1299, "MKX", 2);
INSERT INTO modelos (mod_id, mod_nome, mar_id) VALUES (1300, "MKZ", 2);
INSERT INTO modelos (mod_id, mod_nome, mar_id) VALUES (1301, "NAVIGATOR", 2);
INSERT INTO modelos (mod_id, mod_nome, mar_id) VALUES (1302, "PREMIERE", 2);
INSERT INTO modelos (mod_id, mod_nome, mar_id) VALUES (1303, "TOWN CAR", 2);
INSERT INTO modelos (mod_id, mod_nome, mar_id) VALUES (1304, "VERSAILLES", 2);
INSERT INTO modelos (mod_id, mod_nome, mar_id) VALUES (1305, "ZEPHYR", 2);
INSERT INTO modelos (mod_id, mod_nome, mar_id) VALUES (1306, "CLASSIC", 2);
INSERT INTO modelos (mod_id, mod_nome, mar_id) VALUES (1307, "ACTYON", 2);
INSERT INTO modelos (mod_id, mod_nome, mar_id) VALUES (1308, "MARAJO", 2);
INSERT INTO modelos (mod_id, mod_nome, mar_id) VALUES (1309, "SUPREMA", 2);
INSERT INTO modelos (mod_id, mod_nome, mar_id) VALUES (1310, "NEW BEETLE", 2);
INSERT INTO modelos (mod_id, mod_nome, mar_id) VALUES (1311, "QUANTUM", 2);
INSERT INTO modelos (mod_id, mod_nome, mar_id) VALUES (1312, "CROSSFOX", 2);
INSERT INTO modelos (mod_id, mod_nome, mar_id) VALUES (1313, "MILLE", 2);
INSERT INTO modelos (mod_id, mod_nome, mar_id) VALUES (1314, "GC2", 2);
INSERT INTO modelos (mod_id, mod_nome, mar_id) VALUES (1315, "EC7", 2);
INSERT INTO modelos (mod_id, mod_nome, mar_id) VALUES (1316, "530", 2);
INSERT INTO modelos (mod_id, mod_nome, mar_id) VALUES (1317, "MOBI", 2);
INSERT INTO modelos (mod_id, mod_nome, mar_id) VALUES (1318, "TORO", 2);
INSERT INTO modelos (mod_id, mod_nome, mar_id) VALUES (1319, "RENEGADE", 2);
INSERT INTO modelos (mod_id, mod_nome, mar_id) VALUES (1320, "DUSTER OROCH", 2);
INSERT INTO modelos (mod_id, mod_nome, mar_id) VALUES (1321, "SANDERO RS", 2);
INSERT INTO modelos (mod_id, mod_nome, mar_id) VALUES (1322, "HB20R", 2);
INSERT INTO modelos (mod_id, mod_nome, mar_id) VALUES (1323, "GRAND SANTA FE", 2);
INSERT INTO modelos (mod_id, mod_nome, mar_id) VALUES (1324, "GOLF VARIANT", 2);
INSERT INTO modelos (mod_id, mod_nome, mar_id) VALUES (1325, "SPACE CROSS", 2);
INSERT INTO modelos (mod_id, mod_nome, mar_id) VALUES (1326, "2008", 2);
INSERT INTO modelos (mod_id, mod_nome, mar_id) VALUES (1327, "QUORIS", 2);
INSERT INTO modelos (mod_id, mod_nome, mar_id) VALUES (1328, "GRAND CARNIVAL", 2);
INSERT INTO modelos (mod_id, mod_nome, mar_id) VALUES (1329, "T8", 2);
INSERT INTO modelos (mod_id, mod_nome, mar_id) VALUES (1330, "T6", 2);
INSERT INTO modelos (mod_id, mod_nome, mar_id) VALUES (1331, "T5", 2);
INSERT INTO modelos (mod_id, mod_nome, mar_id) VALUES (1332, "KA SEDAN", 2);
INSERT INTO modelos (mod_id, mod_nome, mar_id) VALUES (1333, "FOCUS FASTBACK", 2);

-- INSERT's PARA TABELA MODELOS DE MOTOS
INSERT INTO modelos (mod_id, mod_nome, mar_id) VALUES (1334, "BIZ", 3);
INSERT INTO modelos (mod_id, mod_nome, mar_id) VALUES (1335, "CB 300R", 3);
INSERT INTO modelos (mod_id, mod_nome, mar_id) VALUES (1336, "CB 400", 3);
INSERT INTO modelos (mod_id, mod_nome, mar_id) VALUES (1337, "CB 500", 3);
INSERT INTO modelos (mod_id, mod_nome, mar_id) VALUES (1338, "CB 600 HORNET", 3);
INSERT INTO modelos (mod_id, mod_nome, mar_id) VALUES (1339, "CBR 1000F", 3);
INSERT INTO modelos (mod_id, mod_nome, mar_id) VALUES (1340, "FIREBLADE CBR", 3);
INSERT INTO modelos (mod_id, mod_nome, mar_id) VALUES (1341, "CBR 450", 3);
INSERT INTO modelos (mod_id, mod_nome, mar_id) VALUES (1342, "CBR 600", 3);
INSERT INTO modelos (mod_id, mod_nome, mar_id) VALUES (1343, "TWISTER CBX 250", 3);
INSERT INTO modelos (mod_id, mod_nome, mar_id) VALUES (1344, "CBX 750F", 3);
INSERT INTO modelos (mod_id, mod_nome, mar_id) VALUES (1345, "CG FAN", 3);
INSERT INTO modelos (mod_id, mod_nome, mar_id) VALUES (1346, "CG TITAN", 3);
INSERT INTO modelos (mod_id, mod_nome, mar_id) VALUES (1347, "CRYPTON T115", 3);
INSERT INTO modelos (mod_id, mod_nome, mar_id) VALUES (1348, "CRZ", 3);
INSERT INTO modelos (mod_id, mod_nome, mar_id) VALUES (1349, "V-STROM DL", 3);
INSERT INTO modelos (mod_id, mod_nome, mar_id) VALUES (1350, "DT 200", 3);
INSERT INTO modelos (mod_id, mod_nome, mar_id) VALUES (1351, "ELEFANTRE", 3);
INSERT INTO modelos (mod_id, mod_nome, mar_id) VALUES (1352, "FUTURE", 3);
INSERT INTO modelos (mod_id, mod_nome, mar_id) VALUES (1353, "GR 500", 3);
INSERT INTO modelos (mod_id, mod_nome, mar_id) VALUES (1354, "GRI 50", 3);
INSERT INTO modelos (mod_id, mod_nome, mar_id) VALUES (1355, "GSX", 3);
INSERT INTO modelos (mod_id, mod_nome, mar_id) VALUES (1356, "GSX-R GIXXER/SRAD", 3);
INSERT INTO modelos (mod_id, mod_nome, mar_id) VALUES (1357, "FAZER YS250", 3);
INSERT INTO modelos (mod_id, mod_nome, mar_id) VALUES (1358, "FACTOR YBR125", 3);
INSERT INTO modelos (mod_id, mod_nome, mar_id) VALUES (1359, "YZF R1", 3);
INSERT INTO modelos (mod_id, mod_nome, mar_id) VALUES (1360, "VIRAGO 250", 3);
INSERT INTO modelos (mod_id, mod_nome, mar_id) VALUES (1361, "CITY", 3);
INSERT INTO modelos (mod_id, mod_nome, mar_id) VALUES (1362, "DAKAR", 3);
INSERT INTO modelos (mod_id, mod_nome, mar_id) VALUES (1363, "CLASSIC", 3);
INSERT INTO modelos (mod_id, mod_nome, mar_id) VALUES (1364, "MOTO", 3);
INSERT INTO modelos (mod_id, mod_nome, mar_id) VALUES (1365, "PEGASO", 3);
INSERT INTO modelos (mod_id, mod_nome, mar_id) VALUES (1366, "RALLY", 3);
INSERT INTO modelos (mod_id, mod_nome, mar_id) VALUES (1367, "RS", 3);
INSERT INTO modelos (mod_id, mod_nome, mar_id) VALUES (1368, "RSV MILLE", 3);
INSERT INTO modelos (mod_id, mod_nome, mar_id) VALUES (1369, "RX", 3);
INSERT INTO modelos (mod_id, mod_nome, mar_id) VALUES (1370, "SCARABEO", 3);
INSERT INTO modelos (mod_id, mod_nome, mar_id) VALUES (1371, "SONIC", 3);
INSERT INTO modelos (mod_id, mod_nome, mar_id) VALUES (1372, "SR RACING", 3);
INSERT INTO modelos (mod_id, mod_nome, mar_id) VALUES (1373, "SR WWW", 3);
INSERT INTO modelos (mod_id, mod_nome, mar_id) VALUES (1374, "CALIFFONE", 3);
INSERT INTO modelos (mod_id, mod_nome, mar_id) VALUES (1375, "MASTER", 3);
INSERT INTO modelos (mod_id, mod_nome, mar_id) VALUES (1376, "SKEGIA", 3);
INSERT INTO modelos (mod_id, mod_nome, mar_id) VALUES (1377, "CHAMPION", 3);
INSERT INTO modelos (mod_id, mod_nome, mar_id) VALUES (1378, "CLASSIC", 3);
INSERT INTO modelos (mod_id, mod_nome, mar_id) VALUES (1379, "TNT", 3);
INSERT INTO modelos (mod_id, mod_nome, mar_id) VALUES (1380, "TRE", 3);
INSERT INTO modelos (mod_id, mod_nome, mar_id) VALUES (1381, "G650GS", 3);
INSERT INTO modelos (mod_id, mod_nome, mar_id) VALUES (1382, "S1000RR", 3);
INSERT INTO modelos (mod_id, mod_nome, mar_id) VALUES (1383, "CAN-AM", 3);
INSERT INTO modelos (mod_id, mod_nome, mar_id) VALUES (1384, "1125", 3);
INSERT INTO modelos (mod_id, mod_nome, mar_id) VALUES (1385, "FIREBOLT", 3);
INSERT INTO modelos (mod_id, mod_nome, mar_id) VALUES (1386, "LIGHTNING", 3);
INSERT INTO modelos (mod_id, mod_nome, mar_id) VALUES (1387, "ROADSTER", 3);
INSERT INTO modelos (mod_id, mod_nome, mar_id) VALUES (1388, "V-RAPTOR", 3);
INSERT INTO modelos (mod_id, mod_nome, mar_id) VALUES (1389, "W-16", 3);
INSERT INTO modelos (mod_id, mod_nome, mar_id) VALUES (1390, "MOBILETE", 3);
INSERT INTO modelos (mod_id, mod_nome, mar_id) VALUES (1391, "ALTINO", 3);
INSERT INTO modelos (mod_id, mod_nome, mar_id) VALUES (1392, "MESSAGE", 3);
INSERT INTO modelos (mod_id, mod_nome, mar_id) VALUES (1393, "VC", 3);
INSERT INTO modelos (mod_id, mod_nome, mar_id) VALUES (1394, "VF", 3);
INSERT INTO modelos (mod_id, mod_nome, mar_id) VALUES (1395, "VS", 3);
INSERT INTO modelos (mod_id, mod_nome, mar_id) VALUES (1396, "VT", 3);
INSERT INTO modelos (mod_id, mod_nome, mar_id) VALUES (1397, "VX", 3);
INSERT INTO modelos (mod_id, mod_nome, mar_id) VALUES (1398, "APACHE", 3);
INSERT INTO modelos (mod_id, mod_nome, mar_id) VALUES (1399, "CITYCOM", 3);
INSERT INTO modelos (mod_id, mod_nome, mar_id) VALUES (1400, "KANSAS", 3);
INSERT INTO modelos (mod_id, mod_nome, mar_id) VALUES (1401, "LASER", 3);
INSERT INTO modelos (mod_id, mod_nome, mar_id) VALUES (1402, "NEXT", 3);
INSERT INTO modelos (mod_id, mod_nome, mar_id) VALUES (1403, "RIVA", 3);
INSERT INTO modelos (mod_id, mod_nome, mar_id) VALUES (1404, "ROADWIN", 3);
INSERT INTO modelos (mod_id, mod_nome, mar_id) VALUES (1405, "SMART", 3);
INSERT INTO modelos (mod_id, mod_nome, mar_id) VALUES (1406, "SPEED", 3);
INSERT INTO modelos (mod_id, mod_nome, mar_id) VALUES (1407, "SUPER", 3);
INSERT INTO modelos (mod_id, mod_nome, mar_id) VALUES (1408, "ZIG", 3);
INSERT INTO modelos (mod_id, mod_nome, mar_id) VALUES (1409, "CITY", 3);
INSERT INTO modelos (mod_id, mod_nome, mar_id) VALUES (1410, "CARGO 150", 3);
INSERT INTO modelos (mod_id, mod_nome, mar_id) VALUES (1411, "CARGO 200", 3);
INSERT INTO modelos (mod_id, mod_nome, mar_id) VALUES (1412, "1098", 3);
INSERT INTO modelos (mod_id, mod_nome, mar_id) VALUES (1413, "1198", 3);
INSERT INTO modelos (mod_id, mod_nome, mar_id) VALUES (1414, "749", 3);
INSERT INTO modelos (mod_id, mod_nome, mar_id) VALUES (1415, "848", 3);
INSERT INTO modelos (mod_id, mod_nome, mar_id) VALUES (1416, "996", 3);
INSERT INTO modelos (mod_id, mod_nome, mar_id) VALUES (1417, "998", 3);
INSERT INTO modelos (mod_id, mod_nome, mar_id) VALUES (1418, "999", 3);
INSERT INTO modelos (mod_id, mod_nome, mar_id) VALUES (1419, "999R", 3);
INSERT INTO modelos (mod_id, mod_nome, mar_id) VALUES (1420, "DESMOSEDICI", 3);
INSERT INTO modelos (mod_id, mod_nome, mar_id) VALUES (1421, "DIAVEL", 3);
INSERT INTO modelos (mod_id, mod_nome, mar_id) VALUES (1422, "HYPERMOTARD", 3);
INSERT INTO modelos (mod_id, mod_nome, mar_id) VALUES (1423, "MONSTER", 3);
INSERT INTO modelos (mod_id, mod_nome, mar_id) VALUES (1424, "MULTISTRADA", 3);
INSERT INTO modelos (mod_id, mod_nome, mar_id) VALUES (1425, "SPORTCLASSIC", 3);
INSERT INTO modelos (mod_id, mod_nome, mar_id) VALUES (1426, "SS", 3);
INSERT INTO modelos (mod_id, mod_nome, mar_id) VALUES (1427, "ST-2", 3);
INSERT INTO modelos (mod_id, mod_nome, mar_id) VALUES (1428, "ST-4", 3);
INSERT INTO modelos (mod_id, mod_nome, mar_id) VALUES (1429, "STREETFIGHTER", 3);
INSERT INTO modelos (mod_id, mod_nome, mar_id) VALUES (1430, "MIRAGE", 3);
INSERT INTO modelos (mod_id, mod_nome, mar_id) VALUES (1431, "ONE", 3);
INSERT INTO modelos (mod_id, mod_nome, mar_id) VALUES (1432, "ONE RACING", 3);
INSERT INTO modelos (mod_id, mod_nome, mar_id) VALUES (1433, "GR08T4", 3);
INSERT INTO modelos (mod_id, mod_nome, mar_id) VALUES (1434, "GR 125S/ST", 3);
INSERT INTO modelos (mod_id, mod_nome, mar_id) VALUES (1435, "GR125T3", 3);
INSERT INTO modelos (mod_id, mod_nome, mar_id) VALUES (1436, "GR125U", 3);
INSERT INTO modelos (mod_id, mod_nome, mar_id) VALUES (1437, "GR 125Z", 3);
INSERT INTO modelos (mod_id, mod_nome, mar_id) VALUES (1438, "GR 150P/PI", 3);
INSERT INTO modelos (mod_id, mod_nome, mar_id) VALUES (1439, "GR150ST", 3);
INSERT INTO modelos (mod_id, mod_nome, mar_id) VALUES (1440, "GR150T3", 3);
INSERT INTO modelos (mod_id, mod_nome, mar_id) VALUES (1441, "GR150TI", 3);
INSERT INTO modelos (mod_id, mod_nome, mar_id) VALUES (1442, "GR150U", 3);
INSERT INTO modelos (mod_id, mod_nome, mar_id) VALUES (1443, "GR250T3", 3);
INSERT INTO modelos (mod_id, mod_nome, mar_id) VALUES (1444, "SAFARI", 3);
INSERT INTO modelos (mod_id, mod_nome, mar_id) VALUES (1445, "SPORT", 3);
INSERT INTO modelos (mod_id, mod_nome, mar_id) VALUES (1446, "V-ROD", 3);
INSERT INTO modelos (mod_id, mod_nome, mar_id) VALUES (1447, "CB 1000R", 3);
INSERT INTO modelos (mod_id, mod_nome, mar_id) VALUES (1448, "CB 1300", 3);
INSERT INTO modelos (mod_id, mod_nome, mar_id) VALUES (1449, "SUPERBLACKBIRD CBR 1100XX", 3);
INSERT INTO modelos (mod_id, mod_nome, mar_id) VALUES (1450, "CBR 250", 3);
INSERT INTO modelos (mod_id, mod_nome, mar_id) VALUES (1451, "AERO CBX 150", 3);
INSERT INTO modelos (mod_id, mod_nome, mar_id) VALUES (1452, "STRADA CBX 200", 3);
INSERT INTO modelos (mod_id, mod_nome, mar_id) VALUES (1453, "CH 125R", 3);
INSERT INTO modelos (mod_id, mod_nome, mar_id) VALUES (1454, "CR 85", 3);
INSERT INTO modelos (mod_id, mod_nome, mar_id) VALUES (1455, "GL GOLD WING", 3);
INSERT INTO modelos (mod_id, mod_nome, mar_id) VALUES (1456, "LEAD", 3);
INSERT INTO modelos (mod_id, mod_nome, mar_id) VALUES (1457, "MAGNA VF 750C", 3);
INSERT INTO modelos (mod_id, mod_nome, mar_id) VALUES (1458, "NX 200/250", 3);
INSERT INTO modelos (mod_id, mod_nome, mar_id) VALUES (1459, "NX 350 SAHARA", 3);
INSERT INTO modelos (mod_id, mod_nome, mar_id) VALUES (1460, "NX 400 FALCON", 3);
INSERT INTO modelos (mod_id, mod_nome, mar_id) VALUES (1461, "NXR BROS", 3);
INSERT INTO modelos (mod_id, mod_nome, mar_id) VALUES (1462, "POP 100", 3);
INSERT INTO modelos (mod_id, mod_nome, mar_id) VALUES (1463, "SUPER HAWK", 3);
INSERT INTO modelos (mod_id, mod_nome, mar_id) VALUES (1464, "TRX", 3);
INSERT INTO modelos (mod_id, mod_nome, mar_id) VALUES (1465, "VALKYRIE", 3);
INSERT INTO modelos (mod_id, mod_nome, mar_id) VALUES (1466, "VFR 1200", 3);
INSERT INTO modelos (mod_id, mod_nome, mar_id) VALUES (1467, "VTX", 3);
INSERT INTO modelos (mod_id, mod_nome, mar_id) VALUES (1468, "VARADERO XL 1000V", 3);
INSERT INTO modelos (mod_id, mod_nome, mar_id) VALUES (1469, "XL", 3);
INSERT INTO modelos (mod_id, mod_nome, mar_id) VALUES (1470, "XL 700V TRANSALP", 3);
INSERT INTO modelos (mod_id, mod_nome, mar_id) VALUES (1471, "XLR", 3);
INSERT INTO modelos (mod_id, mod_nome, mar_id) VALUES (1472, "XLX", 3);
INSERT INTO modelos (mod_id, mod_nome, mar_id) VALUES (1473, "VLR 350", 3);
INSERT INTO modelos (mod_id, mod_nome, mar_id) VALUES (1474, "XR", 3);
INSERT INTO modelos (mod_id, mod_nome, mar_id) VALUES (1475, "TORNADO XR 250", 3);
INSERT INTO modelos (mod_id, mod_nome, mar_id) VALUES (1476, "XRE 300", 3);
INSERT INTO modelos (mod_id, mod_nome, mar_id) VALUES (1477, "FE", 3);
INSERT INTO modelos (mod_id, mod_nome, mar_id) VALUES (1478, "CR", 3);
INSERT INTO modelos (mod_id, mod_nome, mar_id) VALUES (1479, "HUSQY", 3);
INSERT INTO modelos (mod_id, mod_nome, mar_id) VALUES (1480, "SM", 3);
INSERT INTO modelos (mod_id, mod_nome, mar_id) VALUES (1481, "SMR", 3);
INSERT INTO modelos (mod_id, mod_nome, mar_id) VALUES (1482, "TC", 3);
INSERT INTO modelos (mod_id, mod_nome, mar_id) VALUES (1483, "TE", 3);
INSERT INTO modelos (mod_id, mod_nome, mar_id) VALUES (1484, "WR", 3);
INSERT INTO modelos (mod_id, mod_nome, mar_id) VALUES (1485, "WRE", 3);
INSERT INTO modelos (mod_id, mod_nome, mar_id) VALUES (1486, "COMET GT 650", 3);
INSERT INTO modelos (mod_id, mod_nome, mar_id) VALUES (1487, "COMET GT-R 650", 3);
INSERT INTO modelos (mod_id, mod_nome, mar_id) VALUES (1488, "MIRAGE", 3);
INSERT INTO modelos (mod_id, mod_nome, mar_id) VALUES (1489, "WAY", 3);
INSERT INTO modelos (mod_id, mod_nome, mar_id) VALUES (1490, "D-TRACKER", 3);
INSERT INTO modelos (mod_id, mod_nome, mar_id) VALUES (1491, "ER-6N", 3);
INSERT INTO modelos (mod_id, mod_nome, mar_id) VALUES (1492, "KLX 110/140", 3);
INSERT INTO modelos (mod_id, mod_nome, mar_id) VALUES (1493, "KX 100/125", 3);
INSERT INTO modelos (mod_id, mod_nome, mar_id) VALUES (1494, "KZ", 3);
INSERT INTO modelos (mod_id, mod_nome, mar_id) VALUES (1495, "MAXI", 3);
INSERT INTO modelos (mod_id, mod_nome, mar_id) VALUES (1496, "NINJA 250", 3);
INSERT INTO modelos (mod_id, mod_nome, mar_id) VALUES (1497, "VERSYS", 3);
INSERT INTO modelos (mod_id, mod_nome, mar_id) VALUES (1498, "VOYAGER", 3);
INSERT INTO modelos (mod_id, mod_nome, mar_id) VALUES (1499, "VULCAN", 3);
INSERT INTO modelos (mod_id, mod_nome, mar_id) VALUES (1500, "ZZR", 3);
INSERT INTO modelos (mod_id, mod_nome, mar_id) VALUES (1501, "CARGO", 3);
INSERT INTO modelos (mod_id, mod_nome, mar_id) VALUES (1502, "TRICICLO", 3);
INSERT INTO modelos (mod_id, mod_nome, mar_id) VALUES (1503, "BRUTALE", 3);
INSERT INTO modelos (mod_id, mod_nome, mar_id) VALUES (1504, "F4", 3);
INSERT INTO modelos (mod_id, mod_nome, mar_id) VALUES (1505, "VESPA", 3);
INSERT INTO modelos (mod_id, mod_nome, mar_id) VALUES (1506, "MAX", 3);
INSERT INTO modelos (mod_id, mod_nome, mar_id) VALUES (1507, "VBLADE", 3);
INSERT INTO modelos (mod_id, mod_nome, mar_id) VALUES (1508, "WEB", 3);
INSERT INTO modelos (mod_id, mod_nome, mar_id) VALUES (1509, "WEB EVO", 3);
INSERT INTO modelos (mod_id, mod_nome, mar_id) VALUES (1510, "ADDRESS", 3);
INSERT INTO modelos (mod_id, mod_nome, mar_id) VALUES (1511, "BANDIT 250", 3);
INSERT INTO modelos (mod_id, mod_nome, mar_id) VALUES (1512, "BOULEVARD", 3);
INSERT INTO modelos (mod_id, mod_nome, mar_id) VALUES (1513, "BURGMAN AN", 3);
INSERT INTO modelos (mod_id, mod_nome, mar_id) VALUES (1514, "DR", 3);
INSERT INTO modelos (mod_id, mod_nome, mar_id) VALUES (1515, "FREEWIND 650", 3);
INSERT INTO modelos (mod_id, mod_nome, mar_id) VALUES (1516, "GS 500", 3);
INSERT INTO modelos (mod_id, mod_nome, mar_id) VALUES (1517, "GSR", 3);
INSERT INTO modelos (mod_id, mod_nome, mar_id) VALUES (1518, "INTRUDER", 3);
INSERT INTO modelos (mod_id, mod_nome, mar_id) VALUES (1519, "KATANA", 3);
INSERT INTO modelos (mod_id, mod_nome, mar_id) VALUES (1520, "LETS II", 3);
INSERT INTO modelos (mod_id, mod_nome, mar_id) VALUES (1521, "LT", 3);
INSERT INTO modelos (mod_id, mod_nome, mar_id) VALUES (1522, "MARAUDER GZ", 3);
INSERT INTO modelos (mod_id, mod_nome, mar_id) VALUES (1523, "RF", 3);
INSERT INTO modelos (mod_id, mod_nome, mar_id) VALUES (1524, "RM 250", 3);
INSERT INTO modelos (mod_id, mod_nome, mar_id) VALUES (1525, "SAVAGE", 3);
INSERT INTO modelos (mod_id, mod_nome, mar_id) VALUES (1526, "TL", 3);
INSERT INTO modelos (mod_id, mod_nome, mar_id) VALUES (1527, "VX 800", 3);
INSERT INTO modelos (mod_id, mod_nome, mar_id) VALUES (1528, "TRIMOTO", 3);
INSERT INTO modelos (mod_id, mod_nome, mar_id) VALUES (1529, "CJ", 3);
INSERT INTO modelos (mod_id, mod_nome, mar_id) VALUES (1530, "JH", 3);
INSERT INTO modelos (mod_id, mod_nome, mar_id) VALUES (1531, "JL", 3);
INSERT INTO modelos (mod_id, mod_nome, mar_id) VALUES (1532, "STAR 50", 3);
INSERT INTO modelos (mod_id, mod_nome, mar_id) VALUES (1533, "WORK 125", 3);
INSERT INTO modelos (mod_id, mod_nome, mar_id) VALUES (1534, "SKY 125", 3);
INSERT INTO modelos (mod_id, mod_nome, mar_id) VALUES (1535, "FLY 135", 3);
INSERT INTO modelos (mod_id, mod_nome, mar_id) VALUES (1536, "BEST", 3);
INSERT INTO modelos (mod_id, mod_nome, mar_id) VALUES (1537, "ADVENTURER", 3);
INSERT INTO modelos (mod_id, mod_nome, mar_id) VALUES (1538, "BONNEVILLE", 3);
INSERT INTO modelos (mod_id, mod_nome, mar_id) VALUES (1539, "DAYTONA", 3);
INSERT INTO modelos (mod_id, mod_nome, mar_id) VALUES (1540, "LEGEND", 3);
INSERT INTO modelos (mod_id, mod_nome, mar_id) VALUES (1541, "ROCKET", 3);
INSERT INTO modelos (mod_id, mod_nome, mar_id) VALUES (1542, "SCRAMBLER", 3);
INSERT INTO modelos (mod_id, mod_nome, mar_id) VALUES (1543, "SPEED TRIPLE", 3);
INSERT INTO modelos (mod_id, mod_nome, mar_id) VALUES (1544, "SPRINT", 3);
INSERT INTO modelos (mod_id, mod_nome, mar_id) VALUES (1545, "STREET TRIPLE", 3);
INSERT INTO modelos (mod_id, mod_nome, mar_id) VALUES (1546, "THRUXTON", 3);
INSERT INTO modelos (mod_id, mod_nome, mar_id) VALUES (1547, "THUNDERBIRD", 3);
INSERT INTO modelos (mod_id, mod_nome, mar_id) VALUES (1548, "TIGER", 3);
INSERT INTO modelos (mod_id, mod_nome, mar_id) VALUES (1549, "TRIDENT", 3);
INSERT INTO modelos (mod_id, mod_nome, mar_id) VALUES (1550, "TROPHY", 3);
INSERT INTO modelos (mod_id, mod_nome, mar_id) VALUES (1551, "TT-600", 3);
INSERT INTO modelos (mod_id, mod_nome, mar_id) VALUES (1552, "REBELLIAN", 3);
INSERT INTO modelos (mod_id, mod_nome, mar_id) VALUES (1553, "TRITON", 3);
INSERT INTO modelos (mod_id, mod_nome, mar_id) VALUES (1554, "VTHUNDER", 3);
INSERT INTO modelos (mod_id, mod_nome, mar_id) VALUES (1555, "WY", 3);
INSERT INTO modelos (mod_id, mod_nome, mar_id) VALUES (1556, "AXIS", 3);
INSERT INTO modelos (mod_id, mod_nome, mar_id) VALUES (1557, "BWS", 3);
INSERT INTO modelos (mod_id, mod_nome, mar_id) VALUES (1558, "JOG", 3);
INSERT INTO modelos (mod_id, mod_nome, mar_id) VALUES (1559, "MAJESTY", 3);
INSERT INTO modelos (mod_id, mod_nome, mar_id) VALUES (1560, "MT-03", 3);
INSERT INTO modelos (mod_id, mod_nome, mar_id) VALUES (1561, "NEO AT", 3);
INSERT INTO modelos (mod_id, mod_nome, mar_id) VALUES (1562, "RD 135", 3);
INSERT INTO modelos (mod_id, mod_nome, mar_id) VALUES (1563, "ROYAL STAR", 3);
INSERT INTO modelos (mod_id, mod_nome, mar_id) VALUES (1564, "TDM", 3);
INSERT INTO modelos (mod_id, mod_nome, mar_id) VALUES (1565, "TDR 180", 3);
INSERT INTO modelos (mod_id, mod_nome, mar_id) VALUES (1566, "TRX", 3);
INSERT INTO modelos (mod_id, mod_nome, mar_id) VALUES (1567, "TT-R", 3);
INSERT INTO modelos (mod_id, mod_nome, mar_id) VALUES (1568, "V-MAX 1200", 3);
INSERT INTO modelos (mod_id, mod_nome, mar_id) VALUES (1569, "WR 250F", 3);
INSERT INTO modelos (mod_id, mod_nome, mar_id) VALUES (1570, "XJR", 3);
INSERT INTO modelos (mod_id, mod_nome, mar_id) VALUES (1571, "XT 660R", 3);
INSERT INTO modelos (mod_id, mod_nome, mar_id) VALUES (1572, "XTZ 125", 3);
INSERT INTO modelos (mod_id, mod_nome, mar_id) VALUES (1573, "MIDNIGHT STAR XVS", 3);
INSERT INTO modelos (mod_id, mod_nome, mar_id) VALUES (1574, "YFS", 3);
INSERT INTO modelos (mod_id, mod_nome, mar_id) VALUES (1575, "YES EN 125", 3);
INSERT INTO modelos (mod_id, mod_nome, mar_id) VALUES (1576, "SHADOW", 3);
INSERT INTO modelos (mod_id, mod_nome, mar_id) VALUES (1577, "XM", 3);
INSERT INTO modelos (mod_id, mod_nome, mar_id) VALUES (1578, "LAMBRETA", 3);
INSERT INTO modelos (mod_id, mod_nome, mar_id) VALUES (1579, "SCOOTER", 3);
INSERT INTO modelos (mod_id, mod_nome, mar_id) VALUES (1580, "WALK MACHINE", 3);
INSERT INTO modelos (mod_id, mod_nome, mar_id) VALUES (1581, "HERO", 3);
INSERT INTO modelos (mod_id, mod_nome, mar_id) VALUES (1582, "NC 700X", 3);
INSERT INTO modelos (mod_id, mod_nome, mar_id) VALUES (1583, "DRAG STAR", 3);
INSERT INTO modelos (mod_id, mod_nome, mar_id) VALUES (1584, "B-KING GSX 1300", 3);
INSERT INTO modelos (mod_id, mod_nome, mar_id) VALUES (1585, "125 ZS", 3);
INSERT INTO modelos (mod_id, mod_nome, mar_id) VALUES (1586, "SR", 3);
INSERT INTO modelos (mod_id, mod_nome, mar_id) VALUES (1587, "CRF 110/150", 3);
INSERT INTO modelos (mod_id, mod_nome, mar_id) VALUES (1588, "XJ6", 3);
INSERT INTO modelos (mod_id, mod_nome, mar_id) VALUES (1589, "LANDER XTZ 250", 3);
INSERT INTO modelos (mod_id, mod_nome, mar_id) VALUES (1590, "FROG", 3);
INSERT INTO modelos (mod_id, mod_nome, mar_id) VALUES (1591, "GLADIATOR", 3);
INSERT INTO modelos (mod_id, mod_nome, mar_id) VALUES (1592, "V-STAR", 3);
INSERT INTO modelos (mod_id, mod_nome, mar_id) VALUES (1593, "SHARK", 3);
INSERT INTO modelos (mod_id, mod_nome, mar_id) VALUES (1594, "FURY", 3);
INSERT INTO modelos (mod_id, mod_nome, mar_id) VALUES (1595, "CB 50", 3);
INSERT INTO modelos (mod_id, mod_nome, mar_id) VALUES (1596, "BOLDOR CB 900", 3);
INSERT INTO modelos (mod_id, mod_nome, mar_id) VALUES (1597, "CBF 600", 3);
INSERT INTO modelos (mod_id, mod_nome, mar_id) VALUES (1598, "CBR 400RR", 3);
INSERT INTO modelos (mod_id, mod_nome, mar_id) VALUES (1599, "CBX 1000", 3);
INSERT INTO modelos (mod_id, mod_nome, mar_id) VALUES (1600, "CD 125", 3);
INSERT INTO modelos (mod_id, mod_nome, mar_id) VALUES (1601, "ML 125", 3);
INSERT INTO modelos (mod_id, mod_nome, mar_id) VALUES (1602, "NSR 500", 3);
INSERT INTO modelos (mod_id, mod_nome, mar_id) VALUES (1603, "RC", 3);
INSERT INTO modelos (mod_id, mod_nome, mar_id) VALUES (1604, "PAN-EUROPEAN ST", 3);
INSERT INTO modelos (mod_id, mod_nome, mar_id) VALUES (1605, "TURUNA 125", 3);
INSERT INTO modelos (mod_id, mod_nome, mar_id) VALUES (1606, "VTR", 3);
INSERT INTO modelos (mod_id, mod_nome, mar_id) VALUES (1607, "AFRICA TWIN XRV 750", 3);
INSERT INTO modelos (mod_id, mod_nome, mar_id) VALUES (1608, "MZ 250", 3);
INSERT INTO modelos (mod_id, mod_nome, mar_id) VALUES (1609, "KAPRA", 3);
INSERT INTO modelos (mod_id, mod_nome, mar_id) VALUES (1610, "RALLYE", 3);
INSERT INTO modelos (mod_id, mod_nome, mar_id) VALUES (1611, "PASSEIO", 3);
INSERT INTO modelos (mod_id, mod_nome, mar_id) VALUES (1612, "BANDIT 400", 3);
INSERT INTO modelos (mod_id, mod_nome, mar_id) VALUES (1613, "BANDIT 600", 3);
INSERT INTO modelos (mod_id, mod_nome, mar_id) VALUES (1614, "BANDIT GSF 750", 3);
INSERT INTO modelos (mod_id, mod_nome, mar_id) VALUES (1615, "BANDIT 1200", 3);
INSERT INTO modelos (mod_id, mod_nome, mar_id) VALUES (1616, "HAYABUSA", 3);
INSERT INTO modelos (mod_id, mod_nome, mar_id) VALUES (1617, "INTRUDER CUSTOM", 3);
INSERT INTO modelos (mod_id, mod_nome, mar_id) VALUES (1618, "RV", 3);
INSERT INTO modelos (mod_id, mod_nome, mar_id) VALUES (1619, "SV", 3);
INSERT INTO modelos (mod_id, mod_nome, mar_id) VALUES (1620, "MARAUDER VZ", 3);
INSERT INTO modelos (mod_id, mod_nome, mar_id) VALUES (1621, "CG CARGO/JOB", 3);
INSERT INTO modelos (mod_id, mod_nome, mar_id) VALUES (1622, "EXPLORER", 3);
INSERT INTO modelos (mod_id, mod_nome, mar_id) VALUES (1623, "ELIMINATOR", 3);
INSERT INTO modelos (mod_id, mod_nome, mar_id) VALUES (1624, "GTR", 3);
INSERT INTO modelos (mod_id, mod_nome, mar_id) VALUES (1625, "KLE", 3);
INSERT INTO modelos (mod_id, mod_nome, mar_id) VALUES (1626, "KLR", 3);
INSERT INTO modelos (mod_id, mod_nome, mar_id) VALUES (1627, "SUPER SHERPA", 3);
INSERT INTO modelos (mod_id, mod_nome, mar_id) VALUES (1628, "ZRX", 3);
INSERT INTO modelos (mod_id, mod_nome, mar_id) VALUES (1629, "ZR", 3);
INSERT INTO modelos (mod_id, mod_nome, mar_id) VALUES (1630, "NINJA 1400", 3);
INSERT INTO modelos (mod_id, mod_nome, mar_id) VALUES (1631, "FS1", 3);
INSERT INTO modelos (mod_id, mod_nome, mar_id) VALUES (1632, "HB-50", 3);
INSERT INTO modelos (mod_id, mod_nome, mar_id) VALUES (1633, "PC 50", 3);
INSERT INTO modelos (mod_id, mod_nome, mar_id) VALUES (1634, "CG 125", 3);
INSERT INTO modelos (mod_id, mod_nome, mar_id) VALUES (1635, "PACIFIC COAST", 3);
INSERT INTO modelos (mod_id, mod_nome, mar_id) VALUES (1636, "CG TODAY", 3);
INSERT INTO modelos (mod_id, mod_nome, mar_id) VALUES (1637, "GT", 3);
INSERT INTO modelos (mod_id, mod_nome, mar_id) VALUES (1638, "FZR1000", 3);
INSERT INTO modelos (mod_id, mod_nome, mar_id) VALUES (1639, "GSI", 3);
INSERT INTO modelos (mod_id, mod_nome, mar_id) VALUES (1640, "AMAZONAS", 3);
INSERT INTO modelos (mod_id, mod_nome, mar_id) VALUES (1641, "CB 125", 3);
INSERT INTO modelos (mod_id, mod_nome, mar_id) VALUES (1642, "PHOENIX 50", 3);
INSERT INTO modelos (mod_id, mod_nome, mar_id) VALUES (1643, "INDIANAPOLIS 200", 3);
INSERT INTO modelos (mod_id, mod_nome, mar_id) VALUES (1644, "F35/F40", 3);
INSERT INTO modelos (mod_id, mod_nome, mar_id) VALUES (1645, "X2 250", 3);
INSERT INTO modelos (mod_id, mod_nome, mar_id) VALUES (1646, "MAX 150", 3);
INSERT INTO modelos (mod_id, mod_nome, mar_id) VALUES (1647, "NEW WAVE 125", 3);
INSERT INTO modelos (mod_id, mod_nome, mar_id) VALUES (1648, "EXPLORER 150", 3);
INSERT INTO modelos (mod_id, mod_nome, mar_id) VALUES (1649, "XS400", 3);
INSERT INTO modelos (mod_id, mod_nome, mar_id) VALUES (1650, "RD 350 VIUVA NEGRA", 3);
INSERT INTO modelos (mod_id, mod_nome, mar_id) VALUES (1651, "XY 250", 3);
INSERT INTO modelos (mod_id, mod_nome, mar_id) VALUES (1652, "JOB", 3);
INSERT INTO modelos (mod_id, mod_nome, mar_id) VALUES (1653, "RED HUNTER", 3);
INSERT INTO modelos (mod_id, mod_nome, mar_id) VALUES (1654, "W/NG", 3);
INSERT INTO modelos (mod_id, mod_nome, mar_id) VALUES (1655, "M2F", 3);
INSERT INTO modelos (mod_id, mod_nome, mar_id) VALUES (1656, "GOLDEN ARROW", 3);
INSERT INTO modelos (mod_id, mod_nome, mar_id) VALUES (1657, "AE 50", 3);
INSERT INTO modelos (mod_id, mod_nome, mar_id) VALUES (1658, "RODEO", 3);
INSERT INTO modelos (mod_id, mod_nome, mar_id) VALUES (1659, "DURO", 3);
INSERT INTO modelos (mod_id, mod_nome, mar_id) VALUES (1660, "DUTY", 3);
INSERT INTO modelos (mod_id, mod_nome, mar_id) VALUES (1661, "150", 3);
INSERT INTO modelos (mod_id, mod_nome, mar_id) VALUES (1662, "PCX", 3);
INSERT INTO modelos (mod_id, mod_nome, mar_id) VALUES (1663, "AIRHEAD", 3);
INSERT INTO modelos (mod_id, mod_nome, mar_id) VALUES (1664, "C1", 3);
INSERT INTO modelos (mod_id, mod_nome, mar_id) VALUES (1665, "F650GS", 3);
INSERT INTO modelos (mod_id, mod_nome, mar_id) VALUES (1666, "F650CS", 3);
INSERT INTO modelos (mod_id, mod_nome, mar_id) VALUES (1667, "F800GS", 3);
INSERT INTO modelos (mod_id, mod_nome, mar_id) VALUES (1668, "K75", 3);
INSERT INTO modelos (mod_id, mod_nome, mar_id) VALUES (1669, "K100", 3);
INSERT INTO modelos (mod_id, mod_nome, mar_id) VALUES (1670, "K1200R", 3);
INSERT INTO modelos (mod_id, mod_nome, mar_id) VALUES (1671, "K1300R", 3);
INSERT INTO modelos (mod_id, mod_nome, mar_id) VALUES (1672, "K1200GT", 3);
INSERT INTO modelos (mod_id, mod_nome, mar_id) VALUES (1673, "K1300GT", 3);
INSERT INTO modelos (mod_id, mod_nome, mar_id) VALUES (1674, "K1200GS", 3);
INSERT INTO modelos (mod_id, mod_nome, mar_id) VALUES (1675, "K1200S", 3);
INSERT INTO modelos (mod_id, mod_nome, mar_id) VALUES (1676, "R1200C", 3);
INSERT INTO modelos (mod_id, mod_nome, mar_id) VALUES (1677, "R1150GS", 3);
INSERT INTO modelos (mod_id, mod_nome, mar_id) VALUES (1678, "R1200RT", 3);
INSERT INTO modelos (mod_id, mod_nome, mar_id) VALUES (1679, "SPORTSTER", 3);
INSERT INTO modelos (mod_id, mod_nome, mar_id) VALUES (1680, "TOURING STREET GLIDE", 3);
INSERT INTO modelos (mod_id, mod_nome, mar_id) VALUES (1681, "XTZ 250 TENERE", 3);
INSERT INTO modelos (mod_id, mod_nome, mar_id) VALUES (1682, "XT 225", 3);
INSERT INTO modelos (mod_id, mod_nome, mar_id) VALUES (1683, "XT 660Z TENERE", 3);
INSERT INTO modelos (mod_id, mod_nome, mar_id) VALUES (1684, "XT 1200Z SUPER TENERE", 3);
INSERT INTO modelos (mod_id, mod_nome, mar_id) VALUES (1685, "MOBY 50", 3);
INSERT INTO modelos (mod_id, mod_nome, mar_id) VALUES (1686, "JOTO 135", 3);
INSERT INTO modelos (mod_id, mod_nome, mar_id) VALUES (1687, "MONTEZ 250", 3);
INSERT INTO modelos (mod_id, mod_nome, mar_id) VALUES (1688, "DUNNA 600", 3);
INSERT INTO modelos (mod_id, mod_nome, mar_id) VALUES (1689, "VICO", 3);
INSERT INTO modelos (mod_id, mod_nome, mar_id) VALUES (1690, "FAZER FZ6", 3);
INSERT INTO modelos (mod_id, mod_nome, mar_id) VALUES (1691, "FAZER YS150", 3);
INSERT INTO modelos (mod_id, mod_nome, mar_id) VALUES (1692, "FAZER FZ1", 3);
INSERT INTO modelos (mod_id, mod_nome, mar_id) VALUES (1693, "YZF 600R", 3);
INSERT INTO modelos (mod_id, mod_nome, mar_id) VALUES (1694, "YZF R6", 3);
INSERT INTO modelos (mod_id, mod_nome, mar_id) VALUES (1695, "CRF 230/250", 3);
INSERT INTO modelos (mod_id, mod_nome, mar_id) VALUES (1696, "CRF 450", 3);
INSERT INTO modelos (mod_id, mod_nome, mar_id) VALUES (1697, "NX 650 DOMINATOR", 3);
INSERT INTO modelos (mod_id, mod_nome, mar_id) VALUES (1698, "CR 250", 3);
INSERT INTO modelos (mod_id, mod_nome, mar_id) VALUES (1699, "CR 125", 3);
INSERT INTO modelos (mod_id, mod_nome, mar_id) VALUES (1700, "HB", 3);
INSERT INTO modelos (mod_id, mod_nome, mar_id) VALUES (1701, "NINJA 1000", 3);
INSERT INTO modelos (mod_id, mod_nome, mar_id) VALUES (1702, "NINJA 600", 3);
INSERT INTO modelos (mod_id, mod_nome, mar_id) VALUES (1703, "NINJA 300", 3);
INSERT INTO modelos (mod_id, mod_nome, mar_id) VALUES (1704, "NINJA 1100", 3);
INSERT INTO modelos (mod_id, mod_nome, mar_id) VALUES (1705, "NINJA 900", 3);
INSERT INTO modelos (mod_id, mod_nome, mar_id) VALUES (1706, "NINJA 700", 3);
INSERT INTO modelos (mod_id, mod_nome, mar_id) VALUES (1707, "NINJA 1200", 3);
INSERT INTO modelos (mod_id, mod_nome, mar_id) VALUES (1708, "Z1000", 3);
INSERT INTO modelos (mod_id, mod_nome, mar_id) VALUES (1709, "Z750", 3);
INSERT INTO modelos (mod_id, mod_nome, mar_id) VALUES (1710, "Z800", 3);
INSERT INTO modelos (mod_id, mod_nome, mar_id) VALUES (1711, "VERSYS CITY", 3);
INSERT INTO modelos (mod_id, mod_nome, mar_id) VALUES (1712, "VERSYS GRAND TOURER", 3);
INSERT INTO modelos (mod_id, mod_nome, mar_id) VALUES (1713, "VERSYS TOURER", 3);
INSERT INTO modelos (mod_id, mod_nome, mar_id) VALUES (1714, "VERSYS 1000", 3);
INSERT INTO modelos (mod_id, mod_nome, mar_id) VALUES (1715, "KX 450/500", 3);
INSERT INTO modelos (mod_id, mod_nome, mar_id) VALUES (1716, "KX 250", 3);
INSERT INTO modelos (mod_id, mod_nome, mar_id) VALUES (1717, "KX 65/85", 3);
INSERT INTO modelos (mod_id, mod_nome, mar_id) VALUES (1718, "KLX 400/450", 3);
INSERT INTO modelos (mod_id, mod_nome, mar_id) VALUES (1719, "KLX 250/300", 3);
INSERT INTO modelos (mod_id, mod_nome, mar_id) VALUES (1720, "TMAX", 3);
INSERT INTO modelos (mod_id, mod_nome, mar_id) VALUES (1721, "YFM 700R", 3);
INSERT INTO modelos (mod_id, mod_nome, mar_id) VALUES (1722, "990 ADVENTURE BAJA", 3);
INSERT INTO modelos (mod_id, mod_nome, mar_id) VALUES (1723, "690 DUKE", 3);
INSERT INTO modelos (mod_id, mod_nome, mar_id) VALUES (1724, "1190 RC8 R", 3);
INSERT INTO modelos (mod_id, mod_nome, mar_id) VALUES (1725, "ACX 250F", 3);
INSERT INTO modelos (mod_id, mod_nome, mar_id) VALUES (1726, "QUADRILANDER 300", 3);
INSERT INTO modelos (mod_id, mod_nome, mar_id) VALUES (1727, "QUADRILANDER 400", 3);
INSERT INTO modelos (mod_id, mod_nome, mar_id) VALUES (1728, "QUADRILANDER 600", 3);
INSERT INTO modelos (mod_id, mod_nome, mar_id) VALUES (1729, "FRONTLANDER 500", 3);
INSERT INTO modelos (mod_id, mod_nome, mar_id) VALUES (1730, "FRONTLANDER 800 EFI", 3);
INSERT INTO modelos (mod_id, mod_nome, mar_id) VALUES (1731, "525 XC", 3);
INSERT INTO modelos (mod_id, mod_nome, mar_id) VALUES (1732, "505 SX", 3);
INSERT INTO modelos (mod_id, mod_nome, mar_id) VALUES (1733, "450 XC", 3);
INSERT INTO modelos (mod_id, mod_nome, mar_id) VALUES (1734, "450 SX", 3);
INSERT INTO modelos (mod_id, mod_nome, mar_id) VALUES (1735, "SCRAMBLER XP 850 HO", 3);
INSERT INTO modelos (mod_id, mod_nome, mar_id) VALUES (1736, "SCRAMBLER XP 1000 EPS", 3);
INSERT INTO modelos (mod_id, mod_nome, mar_id) VALUES (1737, "BRUTUS", 3);
INSERT INTO modelos (mod_id, mod_nome, mar_id) VALUES (1738, "CARGO 260", 3);
INSERT INTO modelos (mod_id, mod_nome, mar_id) VALUES (1739, "COMET GT 250", 3);
INSERT INTO modelos (mod_id, mod_nome, mar_id) VALUES (1740, "COMET GT-R 250", 3);
INSERT INTO modelos (mod_id, mod_nome, mar_id) VALUES (1741, "RD 50", 3);
INSERT INTO modelos (mod_id, mod_nome, mar_id) VALUES (1742, "DT 50", 3);
INSERT INTO modelos (mod_id, mod_nome, mar_id) VALUES (1743, "MT-01", 3);
INSERT INTO modelos (mod_id, mod_nome, mar_id) VALUES (1744, "FZ-09", 3);
INSERT INTO modelos (mod_id, mod_nome, mar_id) VALUES (1745, "MT-07", 3);
INSERT INTO modelos (mod_id, mod_nome, mar_id) VALUES (1746, "FZR600", 3);
INSERT INTO modelos (mod_id, mod_nome, mar_id) VALUES (1747, "FZR400", 3);
INSERT INTO modelos (mod_id, mod_nome, mar_id) VALUES (1748, "FZR250", 3);
INSERT INTO modelos (mod_id, mod_nome, mar_id) VALUES (1749, "XS500", 3);
INSERT INTO modelos (mod_id, mod_nome, mar_id) VALUES (1750, "XS650", 3);
INSERT INTO modelos (mod_id, mod_nome, mar_id) VALUES (1751, "XS750", 3);
INSERT INTO modelos (mod_id, mod_nome, mar_id) VALUES (1752, "XS850", 3);
INSERT INTO modelos (mod_id, mod_nome, mar_id) VALUES (1753, "XS1100", 3);
INSERT INTO modelos (mod_id, mod_nome, mar_id) VALUES (1754, "SR500", 3);
INSERT INTO modelos (mod_id, mod_nome, mar_id) VALUES (1755, "SRX 400", 3);
INSERT INTO modelos (mod_id, mod_nome, mar_id) VALUES (1756, "SRX 600", 3);
INSERT INTO modelos (mod_id, mod_nome, mar_id) VALUES (1757, "V-MAX 1680", 3);
INSERT INTO modelos (mod_id, mod_nome, mar_id) VALUES (1758, "FJR1300", 3);
INSERT INTO modelos (mod_id, mod_nome, mar_id) VALUES (1759, "XTZ 750 SUPER TENERE", 3);
INSERT INTO modelos (mod_id, mod_nome, mar_id) VALUES (1760, "XT 600", 3);
INSERT INTO modelos (mod_id, mod_nome, mar_id) VALUES (1761, "VIRAGO 400", 3);
INSERT INTO modelos (mod_id, mod_nome, mar_id) VALUES (1762, "VIRAGO 535", 3);
INSERT INTO modelos (mod_id, mod_nome, mar_id) VALUES (1763, "VIRAGO 750", 3);
INSERT INTO modelos (mod_id, mod_nome, mar_id) VALUES (1764, "VIRAGO 1400", 3);
INSERT INTO modelos (mod_id, mod_nome, mar_id) VALUES (1765, "XZ 550", 3);
INSERT INTO modelos (mod_id, mod_nome, mar_id) VALUES (1766, "YZR 500", 3);
INSERT INTO modelos (mod_id, mod_nome, mar_id) VALUES (1767, "WR 450F", 3);
INSERT INTO modelos (mod_id, mod_nome, mar_id) VALUES (1768, "TZ 250", 3);
INSERT INTO modelos (mod_id, mod_nome, mar_id) VALUES (1769, "YZ 125", 3);
INSERT INTO modelos (mod_id, mod_nome, mar_id) VALUES (1770, "YZ 250", 3);
INSERT INTO modelos (mod_id, mod_nome, mar_id) VALUES (1771, "YZ 450", 3);
INSERT INTO modelos (mod_id, mod_nome, mar_id) VALUES (1772, "TX500", 3);
INSERT INTO modelos (mod_id, mod_nome, mar_id) VALUES (1773, "XR 180", 3);
INSERT INTO modelos (mod_id, mod_nome, mar_id) VALUES (1774, "TT 125", 3);
INSERT INTO modelos (mod_id, mod_nome, mar_id) VALUES (1775, "ER-5", 3);
INSERT INTO modelos (mod_id, mod_nome, mar_id) VALUES (1776, "CVO", 3);
INSERT INTO modelos (mod_id, mod_nome, mar_id) VALUES (1777, "ALPINA", 3);
INSERT INTO modelos (mod_id, mod_nome, mar_id) VALUES (1778, "ELEKTRA", 3);
