
                    

-- INSERT's PARA TABELA CATEGORIAS
insert into categorias (cat_id, cat_nome) VALUES
                        (1, 'Caminhao'),
                        (2, 'Carro'),
                        (3, 'Moto');
                        (4, 'Nautica')


-- -- INSERT's PARA TABELA SERVIcOS
INSERT INTO servicos    (`serv_categoria`, `serv_nome`, `serv_duracao`, `serv_preco`, `serv_descricao`, `serv_situacao`) VALUES
                        ( 'Lavagem externa (tradicional)', '00:30:00', 30.00, 'Lavagem externa convencional do veiculo.', b'1'),
                        ( 'Lavagem externa (a seco)', '00:40:00', 40.00, 'Lavagem externa do veiculo sem uso de agua.', b'1'),
                        ( 'Lavagem interna completa', '01:00:00', 60.00, 'Limpeza completa do interior do veiculo.', b'1'),
                        ( 'Limpeza de estofados', '02:00:00', 120.00, 'Limpeza profunda de estofados.', b'1'),
                        ( 'Limpeza de carpetes', '01:30:00', 70.00, 'Limpeza detalhada dos carpetes do veiculo.', b'1'),
                        ( 'Higienizacao de ar-condicionado', '01:00:00', 80.00, 'Higienizacao do sistema de ar-condicionado.', b'1'),
                        ( 'Descontaminacao de pintura', '01:30:00', 100.00, 'Remocao de contaminantes da pintura.', b'1'),

                        ( 'Polimento de pintura', '03:00:00', 200.00, 'Polimento completo da pintura do veiculo.', b'1'),
                        ( 'Espelhamento', '04:00:00', 250.00, 'Espelhamento da pintura para brilho intenso.', b'1'),
                        ( 'Vitrificacao', '05:00:00', 300.00, 'Aplicacao de revestimento vitrificado.', b'1'),
                        ( 'Enceramento', '01:30:00', 80.00, 'Aplicacao de cera para protecao da pintura.', b'1'),
                        ( 'Selagem de pintura', '02:00:00', 150.00, 'Selagem da pintura para protecao prolongada.', b'1'),
                        ( 'Aplicacao de pelicula de protecao de pintura (PPF)', '06:00:00', 500.00, 'Aplicacao de pelicula protetora de pintura.', b'1'),

                        ('Cuidados com Vidros e Farois', 'Polimento de farois', '01:00:00', 60.00, 'Polimento para clarear farois.', b'1'),
                        ('Cuidados com Vidros e Farois', 'Restauracao de farois', '02:00:00', 120.00, 'Restauracao completa de farois.', b'1'),
                        ('Cuidados com Vidros e Farois', 'Aplicacao de repelente de agua (cristalizacao de vidros)', '00:45:00', 50.00, 'Aplicacao de repelente de agua nos vidros.', b'1'),
                        ('Cuidados com Vidros e Farois', 'Aplicacao de insulfilm', '02:30:00', 200.00, 'Aplicacao de pelicula insulfilm.', b'1'),

                        ( 'Limpeza de rodas e calotas', '00:45:00', 40.00, 'Limpeza detalhada de rodas e calotas.', b'1'),
                        ( 'Polimento de rodas', '01:30:00', 100.00, 'Polimento para brilho intenso das rodas.', b'1'),
                        ( 'Aplicacao de protetores de pneu', '00:30:00', 30.00, 'Aplicacao de produto protetor nos pneus.', b'1'),
                        ( 'Pintura e restauracao de rodas', '03:00:00', 250.00, 'Pintura e restauracao de rodas.', b'1'),

                        ( 'Limpeza detalhada do painel e console', '01:00:00', 60.00, 'Limpeza detalhada do painel e console.', b'1'),
                        ( 'Limpeza e hidratacao de bancos de couro', '02:00:00', 150.00, 'Limpeza e hidratacao de bancos de couro.', b'1'),
                        ( 'Limpeza e hidratacao de plasticos internos', '01:30:00', 80.00, 'Limpeza e hidratacao de plasticos internos.', b'1'),
                        ( 'Limpeza de portas e macanetas', '01:00:00', 50.00, 'Limpeza detalhada de portas e macanetas.', b'1'),
                        ( 'Detalhamento de dutos de ventilacao', '01:00:00', 70.00, 'Limpeza detalhada dos dutos de ventilacao.', b'1'),

                        ( 'Tratamento com ozonio', '01:30:00', 150.00, 'Remocao de odores com tratamento de ozonio.', b'1'),
                        ( 'Neutralizacao de odores', '01:00:00', 100.00, 'Neutralizacao de odores no veiculo.', b'1'),

                        ( 'Retoque de pintura', '03:00:00', 200.00, 'Retoque de pintura para corrigir imperfeicoes.', b'1'),
                        ( 'Pintura parcial', '04:00:00', 300.00, 'Pintura parcial para correcao estetica.', b'1'),

                        ( 'Envelopamento automotivo (vinil)', '06:00:00', 800.00, 'Envelopamento completo do veiculo com vinil.', b'1'),
                        ( 'Pintura de pincas de freio', '02:00:00', 150.00, 'Pintura personalizada das pincas de freio.', b'1'),
                        ( 'Aplicacao de adesivos decorativos', '01:00:00', 50.00, 'Aplicacao de adesivos decorativos no veiculo.', b'1'),
                        ( 'Instalacao de spoilers e acessorios externos', '03:00:00', 300.00, 'Instalacao de spoilers e acessorios externos.', b'1'),

                        ( 'Remocao de riscos e arranhoes', '02:00:00', 200.00, 'Remocao de riscos e arranhoes superficiais.', b'1'),
                        ( 'Reparo de amassados sem pintura (martelinho de ouro)', '03:00:00', 300.00, 'Reparo de amassados sem necessidade de pintura.', b'1'),
                        ( 'Remocao de manchas', '01:30:00', 100.00, 'Remocao de manchas da superficie do veiculo.', b'1'),

                        ( 'Lavagem de motor', '01:00:00', 80.00, 'Lavagem detalhada do motor do veiculo.', b'1'),
                        ( 'Polimento de escapamento', '01:00:00', 50.00, 'Polimento do sistema de escapamento.', b'1'),
                        ( 'Revitalizacao de teto solar', '02:00:00', 150.00, 'Revitalizacao e limpeza do teto solar.', b'1');


-- INSERT's PARA TABELA MARCAS
INSERT INTO marcas (mar_id, mar_nome, mar_icone, cat_id) VALUES (1, "CHEVROLET", NULL,1);
INSERT INTO marcas (mar_id, mar_nome, mar_icone, cat_id) VALUES (2, "VOLKSWAGEN", NULL,1);
INSERT INTO marcas (mar_id, mar_nome, mar_icone, cat_id) VALUES (3, "FIAT", NULL,1);
INSERT INTO marcas (mar_id, mar_nome, mar_icone, cat_id) VALUES (4, "MERCEDES-BENZ", NULL,1);
INSERT INTO marcas (mar_id, mar_nome, mar_icone, cat_id) VALUES (5, "FORD", NULL,1);
INSERT INTO marcas (mar_id, mar_nome, mar_icone, cat_id) VALUES (6, "HYUNDAI", NULL,1);
INSERT INTO marcas (mar_id, mar_nome, mar_icone, cat_id) VALUES (7, "KIA", NULL,1);
INSERT INTO marcas (mar_id, mar_nome, mar_icone, cat_id) VALUES (8, "TOYOTA", NULL,1);
INSERT INTO marcas (mar_id, mar_nome, mar_icone, cat_id) VALUES (9, "RENAULT", NULL,1);
INSERT INTO marcas (mar_id, mar_nome, mar_icone, cat_id) VALUES (10, "AGRALE", NULL,1);
INSERT INTO marcas (mar_id, mar_nome, mar_icone, cat_id) VALUES (11, "VOLVO", NULL,1);
INSERT INTO marcas (mar_id, mar_nome, mar_icone, cat_id) VALUES (12, "IVECO", NULL,1);
INSERT INTO marcas (mar_id, mar_nome, mar_icone, cat_id) VALUES (13, "UTILITARIOS AGRICOLAS", NULL,1);
INSERT INTO marcas (mar_id, mar_nome, mar_icone, cat_id) VALUES (14, "RANDON", NULL,1);
INSERT INTO marcas (mar_id, mar_nome, mar_icone, cat_id) VALUES (15, "SCANIA", NULL,1);
INSERT INTO marcas (mar_id, mar_nome, mar_icone, cat_id) VALUES (16, "OUTROS", NULL,1);
INSERT INTO marcas (mar_id, mar_nome, mar_icone, cat_id) VALUES (17, "UTILITARIOS PESADOS", NULL,1);
INSERT INTO marcas (mar_id, mar_nome, mar_icone, cat_id) VALUES (18, "MOTOR-HOME", NULL,1);
INSERT INTO marcas (mar_id, mar_nome, mar_icone, cat_id) VALUES (19, "MAN", NULL,1);
INSERT INTO marcas (mar_id, mar_nome, mar_icone, cat_id) VALUES (20, "SCHIFFER", NULL,1);
INSERT INTO marcas (mar_id, mar_nome, mar_icone, cat_id) VALUES (21, "GUERRA", NULL,1);
INSERT INTO marcas (mar_id, mar_nome, mar_icone, cat_id) VALUES (22, "CHEVROLET", NULL,2);
INSERT INTO marcas (mar_id, mar_nome, mar_icone, cat_id) VALUES (23, "VOLKSWAGEN", NULL,2);
INSERT INTO marcas (mar_id, mar_nome, mar_icone, cat_id) VALUES (24, "FIAT", NULL,2);
INSERT INTO marcas (mar_id, mar_nome, mar_icone, cat_id) VALUES (25, "MERCEDES-BENZ", NULL,2);
INSERT INTO marcas (mar_id, mar_nome, mar_icone, cat_id) VALUES (26, "CITROEN", NULL,2);
INSERT INTO marcas (mar_id, mar_nome, mar_icone, cat_id) VALUES (27, "HONDA", NULL,2);
INSERT INTO marcas (mar_id, mar_nome, mar_icone, cat_id) VALUES (28, "SUBARU", NULL,2);
INSERT INTO marcas (mar_id, mar_nome, mar_icone, cat_id) VALUES (29, "FERRARI", NULL,2);
INSERT INTO marcas (mar_id, mar_nome, mar_icone, cat_id) VALUES (30, "BUGATTI", NULL,2);
INSERT INTO marcas (mar_id, mar_nome, mar_icone, cat_id) VALUES (31, "LAMBORGHINI", NULL,2);
INSERT INTO marcas (mar_id, mar_nome, mar_icone, cat_id) VALUES (32, "FORD", NULL,2);
INSERT INTO marcas (mar_id, mar_nome, mar_icone, cat_id) VALUES (33, "HYUNDAI", NULL,2);
INSERT INTO marcas (mar_id, mar_nome, mar_icone, cat_id) VALUES (34, "JAC", NULL,2);
INSERT INTO marcas (mar_id, mar_nome, mar_icone, cat_id) VALUES (35, "KIA", NULL,2);
INSERT INTO marcas (mar_id, mar_nome, mar_icone, cat_id) VALUES (36, "GURGEL", NULL,2);
INSERT INTO marcas (mar_id, mar_nome, mar_icone, cat_id) VALUES (37, "DODGE", NULL,2);
INSERT INTO marcas (mar_id, mar_nome, mar_icone, cat_id) VALUES (38, "CHRYSLER", NULL,2);
INSERT INTO marcas (mar_id, mar_nome, mar_icone, cat_id) VALUES (39, "BENTLEY", NULL,2);
INSERT INTO marcas (mar_id, mar_nome, mar_icone, cat_id) VALUES (40, "SSANGYONG", NULL,2);
INSERT INTO marcas (mar_id, mar_nome, mar_icone, cat_id) VALUES (41, "PEUGEOT", NULL,2);
INSERT INTO marcas (mar_id, mar_nome, mar_icone, cat_id) VALUES (42, "TOYOTA", NULL,2);
INSERT INTO marcas (mar_id, mar_nome, mar_icone, cat_id) VALUES (43, "RENAULT", NULL,2);
INSERT INTO marcas (mar_id, mar_nome, mar_icone, cat_id) VALUES (44, "ACURA", NULL,2);
INSERT INTO marcas (mar_id, mar_nome, mar_icone, cat_id) VALUES (45, "ALFA ROMEO", NULL,2);
INSERT INTO marcas (mar_id, mar_nome, mar_icone, cat_id) VALUES (46, "ASTON MARTIN", NULL,2);
INSERT INTO marcas (mar_id, mar_nome, mar_icone, cat_id) VALUES (47, "AUDI", NULL,2);
INSERT INTO marcas (mar_id, mar_nome, mar_icone, cat_id) VALUES (48, "BIANCO", NULL,2);
INSERT INTO marcas (mar_id, mar_nome, mar_icone, cat_id) VALUES (49, "BMW", NULL,2);
INSERT INTO marcas (mar_id, mar_nome, mar_icone, cat_id) VALUES (50, "BUICK", NULL,2);
INSERT INTO marcas (mar_id, mar_nome, mar_icone, cat_id) VALUES (51, "BYD", NULL,2);
INSERT INTO marcas (mar_id, mar_nome, mar_icone, cat_id) VALUES (52, "NISSAN", NULL,2);
INSERT INTO marcas (mar_id, mar_nome, mar_icone, cat_id) VALUES (53, "CHERY", NULL,2);
INSERT INTO marcas (mar_id, mar_nome, mar_icone, cat_id) VALUES (54, "CROSS LANDER", NULL,2);
INSERT INTO marcas (mar_id, mar_nome, mar_icone, cat_id) VALUES (55, "VOLVO", NULL,2);
INSERT INTO marcas (mar_id, mar_nome, mar_icone, cat_id) VALUES (56, "DELOREAN", NULL,2);
INSERT INTO marcas (mar_id, mar_nome, mar_icone, cat_id) VALUES (57, "SUZUKI", NULL,2);
INSERT INTO marcas (mar_id, mar_nome, mar_icone, cat_id) VALUES (58, "EFFA", NULL,2);
INSERT INTO marcas (mar_id, mar_nome, mar_icone, cat_id) VALUES (59, "PONTIAC", NULL,2);
INSERT INTO marcas (mar_id, mar_nome, mar_icone, cat_id) VALUES (60, "PORSCHE", NULL,2);
INSERT INTO marcas (mar_id, mar_nome, mar_icone, cat_id) VALUES (61, "HUMMER", NULL,2);
INSERT INTO marcas (mar_id, mar_nome, mar_icone, cat_id) VALUES (62, "INFINITI", NULL,2);
INSERT INTO marcas (mar_id, mar_nome, mar_icone, cat_id) VALUES (63, "JAGUAR", NULL,2);
INSERT INTO marcas (mar_id, mar_nome, mar_icone, cat_id) VALUES (64, "JEEP", NULL,2);
INSERT INTO marcas (mar_id, mar_nome, mar_icone, cat_id) VALUES (65, "KOENIGSEGG", NULL,2);
INSERT INTO marcas (mar_id, mar_nome, mar_icone, cat_id) VALUES (66, "LADA", NULL,2);
INSERT INTO marcas (mar_id, mar_nome, mar_icone, cat_id) VALUES (67, "LANCIA", NULL,2);
INSERT INTO marcas (mar_id, mar_nome, mar_icone, cat_id) VALUES (68, "LAND ROVER", NULL,2);
INSERT INTO marcas (mar_id, mar_nome, mar_icone, cat_id) VALUES (69, "LEXUS", NULL,2);
INSERT INTO marcas (mar_id, mar_nome, mar_icone, cat_id) VALUES (70, "LIFAN", NULL,2);
INSERT INTO marcas (mar_id, mar_nome, mar_icone, cat_id) VALUES (71, "LINCOLN", NULL,2);
INSERT INTO marcas (mar_id, mar_nome, mar_icone, cat_id) VALUES (72, "LOTUS", NULL,2);
INSERT INTO marcas (mar_id, mar_nome, mar_icone, cat_id) VALUES (73, "MASERATI", NULL,2);
INSERT INTO marcas (mar_id, mar_nome, mar_icone, cat_id) VALUES (74, "MAZDA", NULL,2);
INSERT INTO marcas (mar_id, mar_nome, mar_icone, cat_id) VALUES (75, "MITSUBISHI", NULL,2);
INSERT INTO marcas (mar_id, mar_nome, mar_icone, cat_id) VALUES (76, "MG", NULL,2);
INSERT INTO marcas (mar_id, mar_nome, mar_icone, cat_id) VALUES (77, "MINI", NULL,2);
INSERT INTO marcas (mar_id, mar_nome, mar_icone, cat_id) VALUES (78, "MIURA", NULL,2);
INSERT INTO marcas (mar_id, mar_nome, mar_icone, cat_id) VALUES (79, "PAGANI", NULL,2);
INSERT INTO marcas (mar_id, mar_nome, mar_icone, cat_id) VALUES (80, "PLYMOUTH", NULL,2);
INSERT INTO marcas (mar_id, mar_nome, mar_icone, cat_id) VALUES (81, "PUMA", NULL,2);
INSERT INTO marcas (mar_id, mar_nome, mar_icone, cat_id) VALUES (82, "ROLLS-ROYCE", NULL,2);
INSERT INTO marcas (mar_id, mar_nome, mar_icone, cat_id) VALUES (83, "SEAT", NULL,2);
INSERT INTO marcas (mar_id, mar_nome, mar_icone, cat_id) VALUES (84, "SHINERAY", NULL,2);
INSERT INTO marcas (mar_id, mar_nome, mar_icone, cat_id) VALUES (85, "SMART", NULL,2);
INSERT INTO marcas (mar_id, mar_nome, mar_icone, cat_id) VALUES (86, "TROLLER", NULL,2);
INSERT INTO marcas (mar_id, mar_nome, mar_icone, cat_id) VALUES (87, "CADILLAC", NULL,2);
INSERT INTO marcas (mar_id, mar_nome, mar_icone, cat_id) VALUES (88, "BUGGY", NULL,2);
INSERT INTO marcas (mar_id, mar_nome, mar_icone, cat_id) VALUES (89, "SKODA", NULL,2);
INSERT INTO marcas (mar_id, mar_nome, mar_icone, cat_id) VALUES (90, "KARMANN GHIA", NULL,2);
INSERT INTO marcas (mar_id, mar_nome, mar_icone, cat_id) VALUES (91, "KART", NULL,2);
INSERT INTO marcas (mar_id, mar_nome, mar_icone, cat_id) VALUES (92, "OUTROS", NULL,2);
INSERT INTO marcas (mar_id, mar_nome, mar_icone, cat_id) VALUES (93, "MCLAREN", NULL,2);
INSERT INTO marcas (mar_id, mar_nome, mar_icone, cat_id) VALUES (94, "HONDA", NULL,3);
INSERT INTO marcas (mar_id, mar_nome, mar_icone, cat_id) VALUES (95, "BMW", NULL,3);
INSERT INTO marcas (mar_id, mar_nome, mar_icone, cat_id) VALUES (96, "SUZUKI", NULL,3);
INSERT INTO marcas (mar_id, mar_nome, mar_icone, cat_id) VALUES (97, "SHINERAY", NULL,3);
INSERT INTO marcas (mar_id, mar_nome, mar_icone, cat_id) VALUES (98, "KASINSKI", NULL,3);
INSERT INTO marcas (mar_id, mar_nome, mar_icone, cat_id) VALUES (99, "YAMAHA", NULL,3);
INSERT INTO marcas (mar_id, mar_nome, mar_icone, cat_id) VALUES (100, "SUNDOWN", NULL,3);
INSERT INTO marcas (mar_id, mar_nome, mar_icone, cat_id) VALUES (101, "KAWASAKI", NULL,3);
INSERT INTO marcas (mar_id, mar_nome, mar_icone, cat_id) VALUES (102, "POLARIS", NULL,3);
INSERT INTO marcas (mar_id, mar_nome, mar_icone, cat_id) VALUES (103, "AMAZONAS", NULL,3);
INSERT INTO marcas (mar_id, mar_nome, mar_icone, cat_id) VALUES (104, "APRILIA", NULL,3);
INSERT INTO marcas (mar_id, mar_nome, mar_icone, cat_id) VALUES (105, "BAJAJ", NULL,3);
INSERT INTO marcas (mar_id, mar_nome, mar_icone, cat_id) VALUES (106, "BIMOTA", NULL,3);
INSERT INTO marcas (mar_id, mar_nome, mar_icone, cat_id) VALUES (107, "BUELL", NULL,3);
INSERT INTO marcas (mar_id, mar_nome, mar_icone, cat_id) VALUES (108, "CAGIVA", NULL,3);
INSERT INTO marcas (mar_id, mar_nome, mar_icone, cat_id) VALUES (109, "MOBILETE", NULL,3);
INSERT INTO marcas (mar_id, mar_nome, mar_icone, cat_id) VALUES (110, "DAFRA", NULL,3);
INSERT INTO marcas (mar_id, mar_nome, mar_icone, cat_id) VALUES (111, "DUCATI", NULL,3);
INSERT INTO marcas (mar_id, mar_nome, mar_icone, cat_id) VALUES (112, "HARLEY-DAVIDSON", NULL,3);
INSERT INTO marcas (mar_id, mar_nome, mar_icone, cat_id) VALUES (113, "HERO", NULL,3);
INSERT INTO marcas (mar_id, mar_nome, mar_icone, cat_id) VALUES (114, "HUSQVARNA", NULL,3);
INSERT INTO marcas (mar_id, mar_nome, mar_icone, cat_id) VALUES (115, "KIMCO", NULL,3);
INSERT INTO marcas (mar_id, mar_nome, mar_icone, cat_id) VALUES (116, "MV AUGUSTA", NULL,3);
INSERT INTO marcas (mar_id, mar_nome, mar_icone, cat_id) VALUES (117, "TRAXX", NULL,3);
INSERT INTO marcas (mar_id, mar_nome, mar_icone, cat_id) VALUES (118, "LAMBRETA", NULL,3);
INSERT INTO marcas (mar_id, mar_nome, mar_icone, cat_id) VALUES (119, "OUTROS", NULL,3);
INSERT INTO marcas (mar_id, mar_nome, mar_icone, cat_id) VALUES (120, "SCOOTER", NULL,3);
INSERT INTO marcas (mar_id, mar_nome, mar_icone, cat_id) VALUES (121, "KTM", NULL,3);
INSERT INTO marcas (mar_id, mar_nome, mar_icone, cat_id) VALUES (122, "CAN-AM", NULL,3);






-- INSERT's PARA TABELA MODELOS DE CAMINHAO
INSERT INTO modelos (mod_id, mod_nome, mar_id) VALUES (1, "Accelo", 1);
INSERT INTO modelos (mod_id, mod_nome, mar_id) VALUES (2, "Actros", 1);
INSERT INTO modelos (mod_id, mod_nome, mar_id) VALUES (3, "Atego", 1);
INSERT INTO modelos (mod_id, mod_nome, mar_id) VALUES (4, "Axor", 1);
INSERT INTO modelos (mod_id, mod_nome, mar_id) VALUES (5, "Constellation", 1);
INSERT INTO modelos (mod_id, mod_nome, mar_id) VALUES (6, "Delivery", 1);
INSERT INTO modelos (mod_id, mod_nome, mar_id) VALUES (7, "Worker", 1);
INSERT INTO modelos (mod_id, mod_nome, mar_id) VALUES (8, "FH Series", 1);
INSERT INTO modelos (mod_id, mod_nome, mar_id) VALUES (9, "FM Series", 1);
INSERT INTO modelos (mod_id, mod_nome, mar_id) VALUES (10, "FMX Series", 1);
INSERT INTO modelos (mod_id, mod_nome, mar_id) VALUES (11, "R Series", 1);
INSERT INTO modelos (mod_id, mod_nome, mar_id) VALUES (12, "G Series", 1);
INSERT INTO modelos (mod_id, mod_nome, mar_id) VALUES (13, "P Series", 1);
INSERT INTO modelos (mod_id, mod_nome, mar_id) VALUES (14, "Stralis", 1);
INSERT INTO modelos (mod_id, mod_nome, mar_id) VALUES (15, "Tector", 1);
INSERT INTO modelos (mod_id, mod_nome, mar_id) VALUES (16, "Trakker", 1);
INSERT INTO modelos (mod_id, mod_nome, mar_id) VALUES (17, "Cargo", 1);
INSERT INTO modelos (mod_id, mod_nome, mar_id) VALUES (18, "F-350", 1);
INSERT INTO modelos (mod_id, mod_nome, mar_id) VALUES (19, "F-4000", 1);
INSERT INTO modelos (mod_id, mod_nome, mar_id) VALUES (20, "F-600", 1);
INSERT INTO modelos (mod_id, mod_nome, mar_id) VALUES (21, "F-7000", 1);
INSERT INTO modelos (mod_id, mod_nome, mar_id) VALUES (22, "F-8000", 1);
INSERT INTO modelos (mod_id, mod_nome, mar_id) VALUES (23, "XF Series", 1);
INSERT INTO modelos (mod_id, mod_nome, mar_id) VALUES (24, "CF Series", 1);
INSERT INTO modelos (mod_id, mod_nome, mar_id) VALUES (25, "LF Series", 1);
INSERT INTO modelos (mod_id, mod_nome, mar_id) VALUES (26, "International", 1);
INSERT INTO modelos (mod_id, mod_nome, mar_id) VALUES (27, "Howo", 1);
INSERT INTO modelos (mod_id, mod_nome, mar_id) VALUES (28, "JBC", 1);
INSERT INTO modelos (mod_id, mod_nome, mar_id) VALUES (29, "D-11000", 1);
INSERT INTO modelos (mod_id, mod_nome, mar_id) VALUES (30, "D-12000", 1);
INSERT INTO modelos (mod_id, mod_nome, mar_id) VALUES (31, "D-13000", 1);
INSERT INTO modelos (mod_id, mod_nome, mar_id) VALUES (32, "D-14000", 1);
INSERT INTO modelos (mod_id, mod_nome, mar_id) VALUES (33, "Eurocargo", 1);
INSERT INTO modelos (mod_id, mod_nome, mar_id) VALUES (34, "Eurotech", 1);
INSERT INTO modelos (mod_id, mod_nome, mar_id) VALUES (35, "Eurotrakker", 1);
INSERT INTO modelos (mod_id, mod_nome, mar_id) VALUES (36, "Durastar", 1);
INSERT INTO modelos (mod_id, mod_nome, mar_id) VALUES (37, "HD78", 1);
INSERT INTO modelos (mod_id, mod_nome, mar_id) VALUES (38, "NH Series", 1);
INSERT INTO modelos (mod_id, mod_nome, mar_id) VALUES (39, "NL Series", 1);
INSERT INTO modelos (mod_id, mod_nome, mar_id) VALUES (40, "N Series", 1);
INSERT INTO modelos (mod_id, mod_nome, mar_id) VALUES (41, "TGX", 1);
INSERT INTO modelos (mod_id, mod_nome, mar_id) VALUES (42, "Vertis", 1);
INSERT INTO modelos (mod_id, mod_nome, mar_id) VALUES (43, "VM Series", 1);
INSERT INTO modelos (mod_id, mod_nome, mar_id) VALUES (44, "Cursor", 1);
INSERT INTO modelos (mod_id, mod_nome, mar_id) VALUES (45, "Granmicro", 1);
INSERT INTO modelos (mod_id, mod_nome, mar_id) VALUES (46, "Guincho", 1);
INSERT INTO modelos (mod_id, mod_nome, mar_id) VALUES (47, "Guinaste", 1);
INSERT INTO modelos (mod_id, mod_nome, mar_id) VALUES (48, "Munck", 1);
INSERT INTO modelos (mod_id, mod_nome, mar_id) VALUES (49, "PA Carregadeira", 1);
INSERT INTO modelos (mod_id, mod_nome, mar_id) VALUES (50, "Poliguindaste", 1);
INSERT INTO modelos (mod_id, mod_nome, mar_id) VALUES (51, "Tanque", 1);
INSERT INTO modelos (mod_id, mod_nome, mar_id) VALUES (52, "Trailer", 1);
INSERT INTO modelos (mod_id, mod_nome, mar_id) VALUES (53, "Bitrem", 1);
INSERT INTO modelos (mod_id, mod_nome, mar_id) VALUES (54, "Bi-trem", 1);
INSERT INTO modelos (mod_id, mod_nome, mar_id) VALUES (55, "F-Maxx", 1);
INSERT INTO modelos (mod_id, mod_nome, mar_id) VALUES (56, "FH Globetrotter Series", 1);
INSERT INTO modelos (mod_id, mod_nome, mar_id) VALUES (57, "FL Series", 1);
INSERT INTO modelos (mod_id, mod_nome, mar_id) VALUES (58, "C-60", 1);
INSERT INTO modelos (mod_id, mod_nome, mar_id) VALUES (59, "C-65", 1);
INSERT INTO modelos (mod_id, mod_nome, mar_id) VALUES (60, "COE", 1);
INSERT INTO modelos (mod_id, mod_nome, mar_id) VALUES (61, "Daily", 1);
INSERT INTO modelos (mod_id, mod_nome, mar_id) VALUES (62, "F-4", 1);
INSERT INTO modelos (mod_id, mod_nome, mar_id) VALUES (63, "F-8", 1);
INSERT INTO modelos (mod_id, mod_nome, mar_id) VALUES (64, "F-3500", 1);
INSERT INTO modelos (mod_id, mod_nome, mar_id) VALUES (65, "L-1117", 1);
INSERT INTO modelos (mod_id, mod_nome, mar_id) VALUES (66, "L-1118", 1);
INSERT INTO modelos (mod_id, mod_nome, mar_id) VALUES (67, "L-1313", 1);
INSERT INTO modelos (mod_id, mod_nome, mar_id) VALUES (68, "L-1314", 1);
INSERT INTO modelos (mod_id, mod_nome, mar_id) VALUES (69, "L-1317", 1);
INSERT INTO modelos (mod_id, mod_nome, mar_id) VALUES (70, "L-1319", 1);
INSERT INTO modelos (mod_id, mod_nome, mar_id) VALUES (71, "L-1514", 1);
INSERT INTO modelos (mod_id, mod_nome, mar_id) VALUES (72, "L-1517", 1);
INSERT INTO modelos (mod_id, mod_nome, mar_id) VALUES (73, "L-2014", 1);
INSERT INTO modelos (mod_id, mod_nome, mar_id) VALUES (74, "L-2017", 1);
INSERT INTO modelos (mod_id, mod_nome, mar_id) VALUES (75, "L-2213", 1);
INSERT INTO modelos (mod_id, mod_nome, mar_id) VALUES (76, "L-2214", 1);
INSERT INTO modelos (mod_id, mod_nome, mar_id) VALUES (77, "L-2215", 1);
INSERT INTO modelos (mod_id, mod_nome, mar_id) VALUES (78, "L-2216", 1);
INSERT INTO modelos (mod_id, mod_nome, mar_id) VALUES (79, "L-2217", 1);
INSERT INTO modelos (mod_id, mod_nome, mar_id) VALUES (80, "L-2220", 1);
INSERT INTO modelos (mod_id, mod_nome, mar_id) VALUES (81, "L-2225", 1);
INSERT INTO modelos (mod_id, mod_nome, mar_id) VALUES (82, "L-2314", 1);
INSERT INTO modelos (mod_id, mod_nome, mar_id) VALUES (83, "L-2318", 1);
INSERT INTO modelos (mod_id, mod_nome, mar_id) VALUES (84, "L-2325", 1);
INSERT INTO modelos (mod_id, mod_nome, mar_id) VALUES (85, "L-71", 1);
INSERT INTO modelos (mod_id, mod_nome, mar_id) VALUES (86, "L-75", 1);
INSERT INTO modelos (mod_id, mod_nome, mar_id) VALUES (87, "L-76", 1);
INSERT INTO modelos (mod_id, mod_nome, mar_id) VALUES (88, "L-80", 1);
INSERT INTO modelos (mod_id, mod_nome, mar_id) VALUES (89, "LK-140", 1);
INSERT INTO modelos (mod_id, mod_nome, mar_id) VALUES (90, "LS-1632", 1);
INSERT INTO modelos (mod_id, mod_nome, mar_id) VALUES (91, "LS-1941", 1);
INSERT INTO modelos (mod_id, mod_nome, mar_id) VALUES (92, "Marta-Rocha", 1);
INSERT INTO modelos (mod_id, mod_nome, mar_id) VALUES (93, "Mascarello", 1);
INSERT INTO modelos (mod_id, mod_nome, mar_id) VALUES (94, "Matra", 1);
INSERT INTO modelos (mod_id, mod_nome, mar_id) VALUES (95, "Micro-onibus", 1);
INSERT INTO modelos (mod_id, mod_nome, mar_id) VALUES (96, "Motoniveladora", 1);
INSERT INTO modelos (mod_id, mod_nome, mar_id) VALUES (97, "Motor-Home", 1);
INSERT INTO modelos (mod_id, mod_nome, mar_id) VALUES (98, "Accelo 915", 1);
INSERT INTO modelos (mod_id, mod_nome, mar_id) VALUES (99, "Accelo 1316", 1);
INSERT INTO modelos (mod_id, mod_nome, mar_id) VALUES (100, "Atego 1719", 1);
INSERT INTO modelos (mod_id, mod_nome, mar_id) VALUES (101, "Atego 2426", 1);
INSERT INTO modelos (mod_id, mod_nome, mar_id) VALUES (102, "Actros 2546", 1);
INSERT INTO modelos (mod_id, mod_nome, mar_id) VALUES (103, "Actros 2651", 1);
INSERT INTO modelos (mod_id, mod_nome, mar_id) VALUES (104, "Axor 3344", 1);
INSERT INTO modelos (mod_id, mod_nome, mar_id) VALUES (105, "Axor 4144", 1);
INSERT INTO modelos (mod_id, mod_nome, mar_id) VALUES (106, "Constellation 13.190", 1);
INSERT INTO modelos (mod_id, mod_nome, mar_id) VALUES (107, "Constellation 17.230", 1);
INSERT INTO modelos (mod_id, mod_nome, mar_id) VALUES (108, "Constellation 24.280", 1);
INSERT INTO modelos (mod_id, mod_nome, mar_id) VALUES (109, "Constellation 25.420", 1);
INSERT INTO modelos (mod_id, mod_nome, mar_id) VALUES (110, "Delivery Express", 1);
INSERT INTO modelos (mod_id, mod_nome, mar_id) VALUES (111, "Delivery 9.170", 1);
INSERT INTO modelos (mod_id, mod_nome, mar_id) VALUES (112, "Delivery 11.180", 1);
INSERT INTO modelos (mod_id, mod_nome, mar_id) VALUES (113, "Delivery 13.180", 1);
INSERT INTO modelos (mod_id, mod_nome, mar_id) VALUES (114, "Worker 15.190", 1);
INSERT INTO modelos (mod_id, mod_nome, mar_id) VALUES (115, "Worker 17.220", 1);
INSERT INTO modelos (mod_id, mod_nome, mar_id) VALUES (116, "Worker 23.220", 1);
INSERT INTO modelos (mod_id, mod_nome, mar_id) VALUES (117, "FH 540", 1);
INSERT INTO modelos (mod_id, mod_nome, mar_id) VALUES (118, "FH 460", 1);
INSERT INTO modelos (mod_id, mod_nome, mar_id) VALUES (119, "FH 420", 1);
INSERT INTO modelos (mod_id, mod_nome, mar_id) VALUES (120, "FM 370", 1);
INSERT INTO modelos (mod_id, mod_nome, mar_id) VALUES (121, "FM 400", 1);
INSERT INTO modelos (mod_id, mod_nome, mar_id) VALUES (122, "FMX 460", 1);
INSERT INTO modelos (mod_id, mod_nome, mar_id) VALUES (123, "FMX 500", 1);
INSERT INTO modelos (mod_id, mod_nome, mar_id) VALUES (124, "R 440", 1);
INSERT INTO modelos (mod_id, mod_nome, mar_id) VALUES (125, "R 480", 1);
INSERT INTO modelos (mod_id, mod_nome, mar_id) VALUES (126, "R 500", 1);
INSERT INTO modelos (mod_id, mod_nome, mar_id) VALUES (127, "G 360", 1);
INSERT INTO modelos (mod_id, mod_nome, mar_id) VALUES (128, "G 410", 1);
INSERT INTO modelos (mod_id, mod_nome, mar_id) VALUES (129, "P 250", 1);
INSERT INTO modelos (mod_id, mod_nome, mar_id) VALUES (130, "P 310", 1);
INSERT INTO modelos (mod_id, mod_nome, mar_id) VALUES (131, "Stralis 440", 1);
INSERT INTO modelos (mod_id, mod_nome, mar_id) VALUES (132, "Stralis 480", 1);
INSERT INTO modelos (mod_id, mod_nome, mar_id) VALUES (133, "Tector 170E28", 1);
INSERT INTO modelos (mod_id, mod_nome, mar_id) VALUES (134, "Tector 240E28", 1);
INSERT INTO modelos (mod_id, mod_nome, mar_id) VALUES (135, "Trakker 380", 1);
INSERT INTO modelos (mod_id, mod_nome, mar_id) VALUES (136, "Trakker 410", 1);
INSERT INTO modelos (mod_id, mod_nome, mar_id) VALUES (137, "Cargo 1119", 1);
INSERT INTO modelos (mod_id, mod_nome, mar_id) VALUES (138, "Cargo 1419", 1);
INSERT INTO modelos (mod_id, mod_nome, mar_id) VALUES (139, "Cargo 1719", 1);
INSERT INTO modelos (mod_id, mod_nome, mar_id) VALUES (140, "Cargo 2429", 1);
INSERT INTO modelos (mod_id, mod_nome, mar_id) VALUES (141, "F-350 2.8", 1);
INSERT INTO modelos (mod_id, mod_nome, mar_id) VALUES (142, "F-4000 3.9", 1);
INSERT INTO modelos (mod_id, mod_nome, mar_id) VALUES (143, "F-6000 5.9", 1);
INSERT INTO modelos (mod_id, mod_nome, mar_id) VALUES (144, "F-7000 6.1", 1);
INSERT INTO modelos (mod_id, mod_nome, mar_id) VALUES (145, "F-8000 7.3", 1);
INSERT INTO modelos (mod_id, mod_nome, mar_id) VALUES (146, "XF 105", 1);
INSERT INTO modelos (mod_id, mod_nome, mar_id) VALUES (147, "XF 106", 1);
INSERT INTO modelos (mod_id, mod_nome, mar_id) VALUES (148, "CF 85", 1);
INSERT INTO modelos (mod_id, mod_nome, mar_id) VALUES (149, "CF 75", 1);
INSERT INTO modelos (mod_id, mod_nome, mar_id) VALUES (150, "LF 55", 1);


-- INSERT's PARA TABELA MODELOS DE CARROS
INSERT INTO modelos (mod_id, mod_nome, mar_id) VALUES (151, "147", 2);
INSERT INTO modelos (mod_id, mod_nome, mar_id) VALUES (152, "A1", 2);
INSERT INTO modelos (mod_id, mod_nome, mar_id) VALUES (153, "A3", 2);
INSERT INTO modelos (mod_id, mod_nome, mar_id) VALUES (154, "A4 SEDAN", 2);
INSERT INTO modelos (mod_id, mod_nome, mar_id) VALUES (155, "A5 COUPE", 2);
INSERT INTO modelos (mod_id, mod_nome, mar_id) VALUES (156, "A6 SEDAN", 2);
INSERT INTO modelos (mod_id, mod_nome, mar_id) VALUES (157, "A7", 2);
INSERT INTO modelos (mod_id, mod_nome, mar_id) VALUES (158, "A8", 2);
INSERT INTO modelos (mod_id, mod_nome, mar_id) VALUES (159, "Q3", 2);
INSERT INTO modelos (mod_id, mod_nome, mar_id) VALUES (160, "Q5", 2);
INSERT INTO modelos (mod_id, mod_nome, mar_id) VALUES (161, "Q7", 2);
INSERT INTO modelos (mod_id, mod_nome, mar_id) VALUES (162, "RS3", 2);
INSERT INTO modelos (mod_id, mod_nome, mar_id) VALUES (163, "RS4", 2);
INSERT INTO modelos (mod_id, mod_nome, mar_id) VALUES (164, "RS5", 2);
INSERT INTO modelos (mod_id, mod_nome, mar_id) VALUES (165, "RS6", 2);
INSERT INTO modelos (mod_id, mod_nome, mar_id) VALUES (166, "S3", 2);
INSERT INTO modelos (mod_id, mod_nome, mar_id) VALUES (167, "S4 SEDAN", 2);
INSERT INTO modelos (mod_id, mod_nome, mar_id) VALUES (168, "S6 SEDAN", 2);
INSERT INTO modelos (mod_id, mod_nome, mar_id) VALUES (169, "TT", 2);
INSERT INTO modelos (mod_id, mod_nome, mar_id) VALUES (170, "TTS", 2);
INSERT INTO modelos (mod_id, mod_nome, mar_id) VALUES (171, "BUGGY", 2);
INSERT INTO modelos (mod_id, mod_nome, mar_id) VALUES (172, "QQ", 2);
INSERT INTO modelos (mod_id, mod_nome, mar_id) VALUES (173, "TIGGO", 2);
INSERT INTO modelos (mod_id, mod_nome, mar_id) VALUES (174, "300C", 2);
INSERT INTO modelos (mod_id, mod_nome, mar_id) VALUES (175, "CARAVAN", 2);
INSERT INTO modelos (mod_id, mod_nome, mar_id) VALUES (176, "AIRCROSS", 2);
INSERT INTO modelos (mod_id, mod_nome, mar_id) VALUES (177, "C3", 2);
INSERT INTO modelos (mod_id, mod_nome, mar_id) VALUES (178, "C4", 2);
INSERT INTO modelos (mod_id, mod_nome, mar_id) VALUES (179, "C5", 2);
INSERT INTO modelos (mod_id, mod_nome, mar_id) VALUES (180, "C6", 2);
INSERT INTO modelos (mod_id, mod_nome, mar_id) VALUES (181, "C8", 2);
INSERT INTO modelos (mod_id, mod_nome, mar_id) VALUES (182, "DS3", 2);
INSERT INTO modelos (mod_id, mod_nome, mar_id) VALUES (183, "XM", 2);
INSERT INTO modelos (mod_id, mod_nome, mar_id) VALUES (184, "XSARA", 2);
INSERT INTO modelos (mod_id, mod_nome, mar_id) VALUES (185, "ZX", 2);
INSERT INTO modelos (mod_id, mod_nome, mar_id) VALUES (186, "DAKOTA", 2);
INSERT INTO modelos (mod_id, mod_nome, mar_id) VALUES (187, "JOURNEY", 2);
INSERT INTO modelos (mod_id, mod_nome, mar_id) VALUES (188, "RAM", 2);
INSERT INTO modelos (mod_id, mod_nome, mar_id) VALUES (189, "147", 2);
INSERT INTO modelos (mod_id, mod_nome, mar_id) VALUES (190, "500", 2);
INSERT INTO modelos (mod_id, mod_nome, mar_id) VALUES (191, "BRAVA", 2);
INSERT INTO modelos (mod_id, mod_nome, mar_id) VALUES (192, "BRAVO", 2);
INSERT INTO modelos (mod_id, mod_nome, mar_id) VALUES (193, "COUPE", 2);
INSERT INTO modelos (mod_id, mod_nome, mar_id) VALUES (194, "DOBLO", 2);
INSERT INTO modelos (mod_id, mod_nome, mar_id) VALUES (195, "DUCATO CARGO", 2);
INSERT INTO modelos (mod_id, mod_nome, mar_id) VALUES (196, "DUNA", 2);
INSERT INTO modelos (mod_id, mod_nome, mar_id) VALUES (197, "ELBA", 2);
INSERT INTO modelos (mod_id, mod_nome, mar_id) VALUES (198, "FIORINO", 2);
INSERT INTO modelos (mod_id, mod_nome, mar_id) VALUES (199, "FREEMONT", 2);
INSERT INTO modelos (mod_id, mod_nome, mar_id) VALUES (200, "GRAND SIENA", 2);
INSERT INTO modelos (mod_id, mod_nome, mar_id) VALUES (201, "IDEA", 2);
INSERT INTO modelos (mod_id, mod_nome, mar_id) VALUES (202, "LINEA", 2);
INSERT INTO modelos (mod_id, mod_nome, mar_id) VALUES (203, "MAREA", 2);
INSERT INTO modelos (mod_id, mod_nome, mar_id) VALUES (204, "OGGI", 2);
INSERT INTO modelos (mod_id, mod_nome, mar_id) VALUES (205, "PALIO", 2);
INSERT INTO modelos (mod_id, mod_nome, mar_id) VALUES (206, "PANORAMA", 2);
INSERT INTO modelos (mod_id, mod_nome, mar_id) VALUES (207, "PREMIO", 2);
INSERT INTO modelos (mod_id, mod_nome, mar_id) VALUES (208, "PUNTO", 2);
INSERT INTO modelos (mod_id, mod_nome, mar_id) VALUES (209, "SIENA", 2);
INSERT INTO modelos (mod_id, mod_nome, mar_id) VALUES (210, "STILO", 2);
INSERT INTO modelos (mod_id, mod_nome, mar_id) VALUES (211, "STRADA", 2);
INSERT INTO modelos (mod_id, mod_nome, mar_id) VALUES (212, "TEMPRA", 2);
INSERT INTO modelos (mod_id, mod_nome, mar_id) VALUES (213, "TIPO", 2);
INSERT INTO modelos (mod_id, mod_nome, mar_id) VALUES (214, "UNO", 2);
INSERT INTO modelos (mod_id, mod_nome, mar_id) VALUES (215, "BELINA", 2);
INSERT INTO modelos (mod_id, mod_nome, mar_id) VALUES (216, "CORCEL II", 2);
INSERT INTO modelos (mod_id, mod_nome, mar_id) VALUES (217, "COURIER", 2);
INSERT INTO modelos (mod_id, mod_nome, mar_id) VALUES (218, "DEL REY", 2);
INSERT INTO modelos (mod_id, mod_nome, mar_id) VALUES (219, "ECOSPORT", 2);
INSERT INTO modelos (mod_id, mod_nome, mar_id) VALUES (220, "EDGE", 2);
INSERT INTO modelos (mod_id, mod_nome, mar_id) VALUES (221, "ESCORT", 2);
INSERT INTO modelos (mod_id, mod_nome, mar_id) VALUES (222, "F-100", 2);
INSERT INTO modelos (mod_id, mod_nome, mar_id) VALUES (223, "F-1000", 2);
INSERT INTO modelos (mod_id, mod_nome, mar_id) VALUES (224, "F-150", 2);
INSERT INTO modelos (mod_id, mod_nome, mar_id) VALUES (225, "F-250", 2);
INSERT INTO modelos (mod_id, mod_nome, mar_id) VALUES (226, "FIESTA", 2);
INSERT INTO modelos (mod_id, mod_nome, mar_id) VALUES (227, "FOCUS", 2);
INSERT INTO modelos (mod_id, mod_nome, mar_id) VALUES (228, "FUSION", 2);
INSERT INTO modelos (mod_id, mod_nome, mar_id) VALUES (229, "IBIZA", 2);
INSERT INTO modelos (mod_id, mod_nome, mar_id) VALUES (230, "KA", 2);
INSERT INTO modelos (mod_id, mod_nome, mar_id) VALUES (231, "MONDEO", 2);
INSERT INTO modelos (mod_id, mod_nome, mar_id) VALUES (232, "MUSTANG", 2);
INSERT INTO modelos (mod_id, mod_nome, mar_id) VALUES (233, "PAMPA", 2);
INSERT INTO modelos (mod_id, mod_nome, mar_id) VALUES (234, "RANGER", 2);
INSERT INTO modelos (mod_id, mod_nome, mar_id) VALUES (235, "VERSAILLES ROYALE", 2);
INSERT INTO modelos (mod_id, mod_nome, mar_id) VALUES (236, "TAURUS", 2);
INSERT INTO modelos (mod_id, mod_nome, mar_id) VALUES (237, "VERONA", 2);
INSERT INTO modelos (mod_id, mod_nome, mar_id) VALUES (238, "VERSAILLES", 2);
INSERT INTO modelos (mod_id, mod_nome, mar_id) VALUES (239, "A-10", 2);
INSERT INTO modelos (mod_id, mod_nome, mar_id) VALUES (240, "A-20", 2);
INSERT INTO modelos (mod_id, mod_nome, mar_id) VALUES (241, "AGILE", 2);
INSERT INTO modelos (mod_id, mod_nome, mar_id) VALUES (242, "ASTRA", 2);
INSERT INTO modelos (mod_id, mod_nome, mar_id) VALUES (243, "BLAZER", 2);
INSERT INTO modelos (mod_id, mod_nome, mar_id) VALUES (244, "C-10", 2);
INSERT INTO modelos (mod_id, mod_nome, mar_id) VALUES (245, "C-20", 2);
INSERT INTO modelos (mod_id, mod_nome, mar_id) VALUES (246, "CALIBRA", 2);
INSERT INTO modelos (mod_id, mod_nome, mar_id) VALUES (247, "CAMARO", 2);
INSERT INTO modelos (mod_id, mod_nome, mar_id) VALUES (248, "CAPTIVA", 2);
INSERT INTO modelos (mod_id, mod_nome, mar_id) VALUES (249, "CARAVAN", 2);
INSERT INTO modelos (mod_id, mod_nome, mar_id) VALUES (250, "CELTA", 2);
INSERT INTO modelos (mod_id, mod_nome, mar_id) VALUES (251, "CHEVY", 2);
INSERT INTO modelos (mod_id, mod_nome, mar_id) VALUES (252, "COBALT", 2);
INSERT INTO modelos (mod_id, mod_nome, mar_id) VALUES (253, "CORSA", 2);
INSERT INTO modelos (mod_id, mod_nome, mar_id) VALUES (254, "CORVETTE", 2);
INSERT INTO modelos (mod_id, mod_nome, mar_id) VALUES (255, "CRUZE", 2);
INSERT INTO modelos (mod_id, mod_nome, mar_id) VALUES (256, "D-10", 2);
INSERT INTO modelos (mod_id, mod_nome, mar_id) VALUES (257, "D-20", 2);
INSERT INTO modelos (mod_id, mod_nome, mar_id) VALUES (258, "IPANEMA", 2);
INSERT INTO modelos (mod_id, mod_nome, mar_id) VALUES (259, "KADETT", 2);
INSERT INTO modelos (mod_id, mod_nome, mar_id) VALUES (260, "MALIBU", 2);
INSERT INTO modelos (mod_id, mod_nome, mar_id) VALUES (261, "MERIVA", 2);
INSERT INTO modelos (mod_id, mod_nome, mar_id) VALUES (262, "MONTANA", 2);
INSERT INTO modelos (mod_id, mod_nome, mar_id) VALUES (263, "OMEGA", 2);
INSERT INTO modelos (mod_id, mod_nome, mar_id) VALUES (264, "OPALA", 2);
INSERT INTO modelos (mod_id, mod_nome, mar_id) VALUES (265, "PRISMA", 2);
INSERT INTO modelos (mod_id, mod_nome, mar_id) VALUES (266, "S10", 2);
INSERT INTO modelos (mod_id, mod_nome, mar_id) VALUES (267, "SILVERADO", 2);
INSERT INTO modelos (mod_id, mod_nome, mar_id) VALUES (268, "SONIC", 2);
INSERT INTO modelos (mod_id, mod_nome, mar_id) VALUES (269, "TIGRA", 2);
INSERT INTO modelos (mod_id, mod_nome, mar_id) VALUES (270, "TRACKER", 2);
INSERT INTO modelos (mod_id, mod_nome, mar_id) VALUES (271, "VECTRA", 2);
INSERT INTO modelos (mod_id, mod_nome, mar_id) VALUES (272, "VERANEIO", 2);
INSERT INTO modelos (mod_id, mod_nome, mar_id) VALUES (273, "ZAFIRA", 2);
INSERT INTO modelos (mod_id, mod_nome, mar_id) VALUES (274, "ACCORD", 2);
INSERT INTO modelos (mod_id, mod_nome, mar_id) VALUES (275, "CITY", 2);
INSERT INTO modelos (mod_id, mod_nome, mar_id) VALUES (276, "CIVIC", 2);
INSERT INTO modelos (mod_id, mod_nome, mar_id) VALUES (277, "CR-V", 2);
INSERT INTO modelos (mod_id, mod_nome, mar_id) VALUES (278, "FIT", 2);
INSERT INTO modelos (mod_id, mod_nome, mar_id) VALUES (279, "PRELUDE", 2);
INSERT INTO modelos (mod_id, mod_nome, mar_id) VALUES (280, "AZERA", 2);
INSERT INTO modelos (mod_id, mod_nome, mar_id) VALUES (281, "COUPE", 2);
INSERT INTO modelos (mod_id, mod_nome, mar_id) VALUES (282, "ELANTRA", 2);
INSERT INTO modelos (mod_id, mod_nome, mar_id) VALUES (283, "I30", 2);
INSERT INTO modelos (mod_id, mod_nome, mar_id) VALUES (284, "IX35", 2);
INSERT INTO modelos (mod_id, mod_nome, mar_id) VALUES (285, "SANTA FE", 2);
INSERT INTO modelos (mod_id, mod_nome, mar_id) VALUES (286, "SONATA", 2);
INSERT INTO modelos (mod_id, mod_nome, mar_id) VALUES (287, "TUCSON", 2);
INSERT INTO modelos (mod_id, mod_nome, mar_id) VALUES (288, "VELOSTER", 2);
INSERT INTO modelos (mod_id, mod_nome, mar_id) VALUES (289, "VERACRUZ", 2);
INSERT INTO modelos (mod_id, mod_nome, mar_id) VALUES (290, "J3", 2);
INSERT INTO modelos (mod_id, mod_nome, mar_id) VALUES (291, "J5", 2);
INSERT INTO modelos (mod_id, mod_nome, mar_id) VALUES (292, "J6", 2);
INSERT INTO modelos (mod_id, mod_nome, mar_id) VALUES (293, "CHEROKEE", 2);
INSERT INTO modelos (mod_id, mod_nome, mar_id) VALUES (294, "COMMANDER", 2);
INSERT INTO modelos (mod_id, mod_nome, mar_id) VALUES (295, "COMPASS", 2);
INSERT INTO modelos (mod_id, mod_nome, mar_id) VALUES (296, "GRAND CHEROKEE", 2);
INSERT INTO modelos (mod_id, mod_nome, mar_id) VALUES (297, "WRANGLER", 2);
INSERT INTO modelos (mod_id, mod_nome, mar_id) VALUES (298, "CARNIVAL", 2);
INSERT INTO modelos (mod_id, mod_nome, mar_id) VALUES (299, "CERATO", 2);
INSERT INTO modelos (mod_id, mod_nome, mar_id) VALUES (300, "OPTIMA", 2);
INSERT INTO modelos (mod_id, mod_nome, mar_id) VALUES (301, "PICANTO", 2);
INSERT INTO modelos (mod_id, mod_nome, mar_id) VALUES (302, "SORENTO", 2);
INSERT INTO modelos (mod_id, mod_nome, mar_id) VALUES (303, "SOUL", 2);
INSERT INTO modelos (mod_id, mod_nome, mar_id) VALUES (304, "SPORTAGE", 2);
INSERT INTO modelos (mod_id, mod_nome, mar_id) VALUES (305, "LAIKA", 2);
INSERT INTO modelos (mod_id, mod_nome, mar_id) VALUES (306, "DEFENDER", 2);
INSERT INTO modelos (mod_id, mod_nome, mar_id) VALUES (307, "DISCOVERY", 2);
INSERT INTO modelos (mod_id, mod_nome, mar_id) VALUES (308, "FREELANDER", 2);
INSERT INTO modelos (mod_id, mod_nome, mar_id) VALUES (309, "NEW RANGE", 2);
INSERT INTO modelos (mod_id, mod_nome, mar_id) VALUES (310, "RANGE ROVER", 2);
INSERT INTO modelos (mod_id, mod_nome, mar_id) VALUES (311, "IS-300", 2);
INSERT INTO modelos (mod_id, mod_nome, mar_id) VALUES (312, "3200", 2);
INSERT INTO modelos (mod_id, mod_nome, mar_id) VALUES (313, "430", 2);
INSERT INTO modelos (mod_id, mod_nome, mar_id) VALUES (314, "COUPE", 2);
INSERT INTO modelos (mod_id, mod_nome, mar_id) VALUES (315, "323", 2);
INSERT INTO modelos (mod_id, mod_nome, mar_id) VALUES (316, "MX-3", 2);
INSERT INTO modelos (mod_id, mod_nome, mar_id) VALUES (317, "MX-5", 2);
INSERT INTO modelos (mod_id, mod_nome, mar_id) VALUES (318, "CLASSE A", 2);
INSERT INTO modelos (mod_id, mod_nome, mar_id) VALUES (319, "CLASSE B", 2);
INSERT INTO modelos (mod_id, mod_nome, mar_id) VALUES (320, "CLASSE R", 2);
INSERT INTO modelos (mod_id, mod_nome, mar_id) VALUES (321, "CLASSE GLK", 2);
INSERT INTO modelos (mod_id, mod_nome, mar_id) VALUES (322, "SPRINTER", 2);
INSERT INTO modelos (mod_id, mod_nome, mar_id) VALUES (323, "COOPER", 2);
INSERT INTO modelos (mod_id, mod_nome, mar_id) VALUES (324, "ONE", 2);
INSERT INTO modelos (mod_id, mod_nome, mar_id) VALUES (325, "3000", 2);
INSERT INTO modelos (mod_id, mod_nome, mar_id) VALUES (326, "AIRTREK", 2);
INSERT INTO modelos (mod_id, mod_nome, mar_id) VALUES (327, "ASX", 2);
INSERT INTO modelos (mod_id, mod_nome, mar_id) VALUES (328, "ECLIPSE", 2);
INSERT INTO modelos (mod_id, mod_nome, mar_id) VALUES (329, "EXPO", 2);
INSERT INTO modelos (mod_id, mod_nome, mar_id) VALUES (330, "GALANT", 2);
INSERT INTO modelos (mod_id, mod_nome, mar_id) VALUES (331, "GRANDIS", 2);
INSERT INTO modelos (mod_id, mod_nome, mar_id) VALUES (332, "L200", 2);
INSERT INTO modelos (mod_id, mod_nome, mar_id) VALUES (333, "L300", 2);
INSERT INTO modelos (mod_id, mod_nome, mar_id) VALUES (334, "LANCER", 2);
INSERT INTO modelos (mod_id, mod_nome, mar_id) VALUES (335, "MIRAGE", 2);
INSERT INTO modelos (mod_id, mod_nome, mar_id) VALUES (336, "MONTERO", 2);
INSERT INTO modelos (mod_id, mod_nome, mar_id) VALUES (337, "OUTLANDER", 2);
INSERT INTO modelos (mod_id, mod_nome, mar_id) VALUES (338, "PAJERO", 2);
INSERT INTO modelos (mod_id, mod_nome, mar_id) VALUES (339, "SPACE WAGON", 2);
INSERT INTO modelos (mod_id, mod_nome, mar_id) VALUES (340, "350Z", 2);
INSERT INTO modelos (mod_id, mod_nome, mar_id) VALUES (341, "ALTIMA", 2);
INSERT INTO modelos (mod_id, mod_nome, mar_id) VALUES (342, "AX", 2);
INSERT INTO modelos (mod_id, mod_nome, mar_id) VALUES (343, "D-21", 2);
INSERT INTO modelos (mod_id, mod_nome, mar_id) VALUES (344, "FRONTIER", 2);
INSERT INTO modelos (mod_id, mod_nome, mar_id) VALUES (345, "LIVINA", 2);
INSERT INTO modelos (mod_id, mod_nome, mar_id) VALUES (346, "MARCH", 2);
INSERT INTO modelos (mod_id, mod_nome, mar_id) VALUES (347, "MAXIMA", 2);
INSERT INTO modelos (mod_id, mod_nome, mar_id) VALUES (348, "MURANO", 2);
INSERT INTO modelos (mod_id, mod_nome, mar_id) VALUES (349, "NX", 2);
INSERT INTO modelos (mod_id, mod_nome, mar_id) VALUES (350, "SENTRA", 2);
INSERT INTO modelos (mod_id, mod_nome, mar_id) VALUES (351, "STANZA", 2);
INSERT INTO modelos (mod_id, mod_nome, mar_id) VALUES (352, "180SX", 2);
INSERT INTO modelos (mod_id, mod_nome, mar_id) VALUES (353, "TIIDA", 2);
INSERT INTO modelos (mod_id, mod_nome, mar_id) VALUES (354, "VERSA", 2);
INSERT INTO modelos (mod_id, mod_nome, mar_id) VALUES (355, "X-TRAIL", 2);
INSERT INTO modelos (mod_id, mod_nome, mar_id) VALUES (356, "XTERRA", 2);
INSERT INTO modelos (mod_id, mod_nome, mar_id) VALUES (357, "ZX", 2);
INSERT INTO modelos (mod_id, mod_nome, mar_id) VALUES (358, "106", 2);
INSERT INTO modelos (mod_id, mod_nome, mar_id) VALUES (359, "205", 2);
INSERT INTO modelos (mod_id, mod_nome, mar_id) VALUES (360, "206", 2);
INSERT INTO modelos (mod_id, mod_nome, mar_id) VALUES (361, "207", 2);
INSERT INTO modelos (mod_id, mod_nome, mar_id) VALUES (362, "3008", 2);
INSERT INTO modelos (mod_id, mod_nome, mar_id) VALUES (363, "306", 2);
INSERT INTO modelos (mod_id, mod_nome, mar_id) VALUES (364, "307", 2);
INSERT INTO modelos (mod_id, mod_nome, mar_id) VALUES (365, "308", 2);
INSERT INTO modelos (mod_id, mod_nome, mar_id) VALUES (366, "405", 2);
INSERT INTO modelos (mod_id, mod_nome, mar_id) VALUES (367, "406", 2);
INSERT INTO modelos (mod_id, mod_nome, mar_id) VALUES (368, "407", 2);
INSERT INTO modelos (mod_id, mod_nome, mar_id) VALUES (369, "408", 2);
INSERT INTO modelos (mod_id, mod_nome, mar_id) VALUES (370, "504", 2);
INSERT INTO modelos (mod_id, mod_nome, mar_id) VALUES (371, "505", 2);
INSERT INTO modelos (mod_id, mod_nome, mar_id) VALUES (372, "508", 2);
INSERT INTO modelos (mod_id, mod_nome, mar_id) VALUES (373, "605", 2);
INSERT INTO modelos (mod_id, mod_nome, mar_id) VALUES (374, "607", 2);
INSERT INTO modelos (mod_id, mod_nome, mar_id) VALUES (375, "806", 2);
INSERT INTO modelos (mod_id, mod_nome, mar_id) VALUES (376, "807", 2);
INSERT INTO modelos (mod_id, mod_nome, mar_id) VALUES (377, "BOXER", 2);
INSERT INTO modelos (mod_id, mod_nome, mar_id) VALUES (378, "RCZ", 2);
INSERT INTO modelos (mod_id, mod_nome, mar_id) VALUES (379, "911", 2);
INSERT INTO modelos (mod_id, mod_nome, mar_id) VALUES (380, "BOXSTER", 2);
INSERT INTO modelos (mod_id, mod_nome, mar_id) VALUES (381, "CAYENNE", 2);
INSERT INTO modelos (mod_id, mod_nome, mar_id) VALUES (382, "CAYMAN", 2);
INSERT INTO modelos (mod_id, mod_nome, mar_id) VALUES (383, "PANAMERA", 2);
INSERT INTO modelos (mod_id, mod_nome, mar_id) VALUES (384, "CLIO", 2);
INSERT INTO modelos (mod_id, mod_nome, mar_id) VALUES (385, "DUSTER", 2);
INSERT INTO modelos (mod_id, mod_nome, mar_id) VALUES (386, "EXPRESS", 2);
INSERT INTO modelos (mod_id, mod_nome, mar_id) VALUES (387, "FLUENCE", 2);
INSERT INTO modelos (mod_id, mod_nome, mar_id) VALUES (388, "KANGOO", 2);
INSERT INTO modelos (mod_id, mod_nome, mar_id) VALUES (389, "LAGUNA", 2);
INSERT INTO modelos (mod_id, mod_nome, mar_id) VALUES (390, "LOGAN", 2);
INSERT INTO modelos (mod_id, mod_nome, mar_id) VALUES (391, "MASTER", 2);
INSERT INTO modelos (mod_id, mod_nome, mar_id) VALUES (392, "MEGANE", 2);
INSERT INTO modelos (mod_id, mod_nome, mar_id) VALUES (393, "SAFRANE", 2);
INSERT INTO modelos (mod_id, mod_nome, mar_id) VALUES (394, "SANDERO", 2);
INSERT INTO modelos (mod_id, mod_nome, mar_id) VALUES (395, "SCENIC", 2);
INSERT INTO modelos (mod_id, mod_nome, mar_id) VALUES (396, "SYMBOL", 2);
INSERT INTO modelos (mod_id, mod_nome, mar_id) VALUES (397, "TRAFIC", 2);
INSERT INTO modelos (mod_id, mod_nome, mar_id) VALUES (398, "TWINGO", 2);
INSERT INTO modelos (mod_id, mod_nome, mar_id) VALUES (399, "FORESTER", 2);
INSERT INTO modelos (mod_id, mod_nome, mar_id) VALUES (400, "IMPREZA", 2);
INSERT INTO modelos (mod_id, mod_nome, mar_id) VALUES (401, "LEGACY", 2);
INSERT INTO modelos (mod_id, mod_nome, mar_id) VALUES (402, "OUTBACK", 2);
INSERT INTO modelos (mod_id, mod_nome, mar_id) VALUES (403, "GRAND VITARA", 2);
INSERT INTO modelos (mod_id, mod_nome, mar_id) VALUES (404, "JIMNY", 2);
INSERT INTO modelos (mod_id, mod_nome, mar_id) VALUES (405, "SWIFT", 2);
INSERT INTO modelos (mod_id, mod_nome, mar_id) VALUES (406, "SX4", 2);
INSERT INTO modelos (mod_id, mod_nome, mar_id) VALUES (407, "VITARA", 2);
INSERT INTO modelos (mod_id, mod_nome, mar_id) VALUES (408, "BANDEIRANTE", 2);
INSERT INTO modelos (mod_id, mod_nome, mar_id) VALUES (409, "CAMRY", 2);
INSERT INTO modelos (mod_id, mod_nome, mar_id) VALUES (410, "COROLLA", 2);
INSERT INTO modelos (mod_id, mod_nome, mar_id) VALUES (411, "HILUX", 2);
INSERT INTO modelos (mod_id, mod_nome, mar_id) VALUES (412, "RAV4", 2);
INSERT INTO modelos (mod_id, mod_nome, mar_id) VALUES (413, "SUPRA", 2);
INSERT INTO modelos (mod_id, mod_nome, mar_id) VALUES (414, "AMAROK", 2);
INSERT INTO modelos (mod_id, mod_nome, mar_id) VALUES (415, "APOLLO", 2);
INSERT INTO modelos (mod_id, mod_nome, mar_id) VALUES (416, "BORA", 2);
INSERT INTO modelos (mod_id, mod_nome, mar_id) VALUES (417, "FOX", 2);
INSERT INTO modelos (mod_id, mod_nome, mar_id) VALUES (418, "FUSCA", 2);
INSERT INTO modelos (mod_id, mod_nome, mar_id) VALUES (419, "GOL", 2);
INSERT INTO modelos (mod_id, mod_nome, mar_id) VALUES (420, "GOLF", 2);
INSERT INTO modelos (mod_id, mod_nome, mar_id) VALUES (421, "JETTA", 2);
INSERT INTO modelos (mod_id, mod_nome, mar_id) VALUES (422, "KOMBI", 2);
INSERT INTO modelos (mod_id, mod_nome, mar_id) VALUES (423, "LOGUS", 2);
INSERT INTO modelos (mod_id, mod_nome, mar_id) VALUES (424, "PARATI", 2);
INSERT INTO modelos (mod_id, mod_nome, mar_id) VALUES (425, "PASSAT", 2);
INSERT INTO modelos (mod_id, mod_nome, mar_id) VALUES (426, "POINTER", 2);
INSERT INTO modelos (mod_id, mod_nome, mar_id) VALUES (427, "POLO", 2);
INSERT INTO modelos (mod_id, mod_nome, mar_id) VALUES (428, "SANTANA", 2);
INSERT INTO modelos (mod_id, mod_nome, mar_id) VALUES (429, "SAVEIRO", 2);
INSERT INTO modelos (mod_id, mod_nome, mar_id) VALUES (430, "SPACEFOX", 2);
INSERT INTO modelos (mod_id, mod_nome, mar_id) VALUES (431, "TIGUAN", 2);
INSERT INTO modelos (mod_id, mod_nome, mar_id) VALUES (432, "TOUAREG", 2);
INSERT INTO modelos (mod_id, mod_nome, mar_id) VALUES (433, "VOYAGE", 2);
INSERT INTO modelos (mod_id, mod_nome, mar_id) VALUES (434, "BRASILIA", 2);
INSERT INTO modelos (mod_id, mod_nome, mar_id) VALUES (435, "CORCEL", 2);
INSERT INTO modelos (mod_id, mod_nome, mar_id) VALUES (436, "PALIO WEEKEND", 2);
INSERT INTO modelos (mod_id, mod_nome, mar_id) VALUES (437, "FOCUS SEDAN", 2);
INSERT INTO modelos (mod_id, mod_nome, mar_id) VALUES (438, "FIESTA SEDAN", 2);
INSERT INTO modelos (mod_id, mod_nome, mar_id) VALUES (439, "FIESTA TRAIL", 2);
INSERT INTO modelos (mod_id, mod_nome, mar_id) VALUES (440, "207 SW", 2);
INSERT INTO modelos (mod_id, mod_nome, mar_id) VALUES (441, "ESCORT SW", 2);
INSERT INTO modelos (mod_id, mod_nome, mar_id) VALUES (442, "307 SEDAN", 2);
INSERT INTO modelos (mod_id, mod_nome, mar_id) VALUES (443, "307 SW", 2);
INSERT INTO modelos (mod_id, mod_nome, mar_id) VALUES (444, "C4 PALLAS", 2);
INSERT INTO modelos (mod_id, mod_nome, mar_id) VALUES (445, "C4 PICASSO", 2);
INSERT INTO modelos (mod_id, mod_nome, mar_id) VALUES (446, "C4 VTR", 2);
INSERT INTO modelos (mod_id, mod_nome, mar_id) VALUES (447, "CLIO SEDAN", 2);
INSERT INTO modelos (mod_id, mod_nome, mar_id) VALUES (448, "COROLLA FIELDER", 2);
INSERT INTO modelos (mod_id, mod_nome, mar_id) VALUES (449, "HILUX SW4", 2);
INSERT INTO modelos (mod_id, mod_nome, mar_id) VALUES (450, "MEGANE GRAND TOUR", 2);
INSERT INTO modelos (mod_id, mod_nome, mar_id) VALUES (451, "SANDERO STEPWAY", 2);
INSERT INTO modelos (mod_id, mod_nome, mar_id) VALUES (452, "XSARA PICASSO", 2);
INSERT INTO modelos (mod_id, mod_nome, mar_id) VALUES (453, "GALAXIE", 2);
INSERT INTO modelos (mod_id, mod_nome, mar_id) VALUES (454, "MODELO A", 2);
INSERT INTO modelos (mod_id, mod_nome, mar_id) VALUES (455, "NEW FIESTA", 2);
INSERT INTO modelos (mod_id, mod_nome, mar_id) VALUES (456, "GTS", 2);
INSERT INTO modelos (mod_id, mod_nome, mar_id) VALUES (457, "H3", 2);
INSERT INTO modelos (mod_id, mod_nome, mar_id) VALUES (458, "JEEP", 2);
INSERT INTO modelos (mod_id, mod_nome, mar_id) VALUES (459, "CJ5", 2);
INSERT INTO modelos (mod_id, mod_nome, mar_id) VALUES (460, "TC", 2);
INSERT INTO modelos (mod_id, mod_nome, mar_id) VALUES (461, "CLASSE CLC", 2);
INSERT INTO modelos (mod_id, mod_nome, mar_id) VALUES (462, "CLASSE CLS", 2);
INSERT INTO modelos (mod_id, mod_nome, mar_id) VALUES (463, "TARGA", 2);
INSERT INTO modelos (mod_id, mod_nome, mar_id) VALUES (464, "X8", 2);
INSERT INTO modelos (mod_id, mod_nome, mar_id) VALUES (465, "370Z", 2);
INSERT INTO modelos (mod_id, mod_nome, mar_id) VALUES (466, "GTB", 2);
INSERT INTO modelos (mod_id, mod_nome, mar_id) VALUES (467, "GTC", 2);
INSERT INTO modelos (mod_id, mod_nome, mar_id) VALUES (468, "GTE", 2);
INSERT INTO modelos (mod_id, mod_nome, mar_id) VALUES (469, "VARIANT", 2);
INSERT INTO modelos (mod_id, mod_nome, mar_id) VALUES (470, "CANDANGO", 2);
INSERT INTO modelos (mod_id, mod_nome, mar_id) VALUES (471, "ETIOS", 2);
INSERT INTO modelos (mod_id, mod_nome, mar_id) VALUES (472, "ONIX", 2);
INSERT INTO modelos (mod_id, mod_nome, mar_id) VALUES (473, "HB20", 2);
INSERT INTO modelos (mod_id, mod_nome, mar_id) VALUES (474, "330", 2);
INSERT INTO modelos (mod_id, mod_nome, mar_id) VALUES (475, "520", 2);
INSERT INTO modelos (mod_id, mod_nome, mar_id) VALUES (476, "730", 2);
INSERT INTO modelos (mod_id, mod_nome, mar_id) VALUES (477, "M1", 2);
INSERT INTO modelos (mod_id, mod_nome, mar_id) VALUES (478, "SERIE Z", 2);
INSERT INTO modelos (mod_id, mod_nome, mar_id) VALUES (479, "CLASSE SLK", 2);
INSERT INTO modelos (mod_id, mod_nome, mar_id) VALUES (480, "CLASSE C", 2);
INSERT INTO modelos (mod_id, mod_nome, mar_id) VALUES (481, "CLASSE E", 2);
INSERT INTO modelos (mod_id, mod_nome, mar_id) VALUES (482, "CLASSE CL", 2);
INSERT INTO modelos (mod_id, mod_nome, mar_id) VALUES (483, "CLASSE CLK", 2);
INSERT INTO modelos (mod_id, mod_nome, mar_id) VALUES (484, "CLASSE S", 2);
INSERT INTO modelos (mod_id, mod_nome, mar_id) VALUES (485, "CLASSE SL", 2);
INSERT INTO modelos (mod_id, mod_nome, mar_id) VALUES (486, "CLASSE SLS", 2);
INSERT INTO modelos (mod_id, mod_nome, mar_id) VALUES (487, "CLASSE G", 2);
INSERT INTO modelos (mod_id, mod_nome, mar_id) VALUES (488, "CLASSE GL", 2);
INSERT INTO modelos (mod_id, mod_nome, mar_id) VALUES (489, "CLASSE M", 2);
INSERT INTO modelos (mod_id, mod_nome, mar_id) VALUES (490, "1500", 2);
INSERT INTO modelos (mod_id, mod_nome, mar_id) VALUES (491, "350 GT", 2);
INSERT INTO modelos (mod_id, mod_nome, mar_id) VALUES (492, "400 GT", 2);
INSERT INTO modelos (mod_id, mod_nome, mar_id) VALUES (493, "MIURA", 2);
INSERT INTO modelos (mod_id, mod_nome, mar_id) VALUES (494, "J3 TURIN", 2);
INSERT INTO modelos (mod_id, mod_nome, mar_id) VALUES (495, "J2", 2);
INSERT INTO modelos (mod_id, mod_nome, mar_id) VALUES (496, "SANDERO GT", 2);
INSERT INTO modelos (mod_id, mod_nome, mar_id) VALUES (497, "SPIN", 2);
INSERT INTO modelos (mod_id, mod_nome, mar_id) VALUES (498, "TRAILBLAZER", 2);
INSERT INTO modelos (mod_id, mod_nome, mar_id) VALUES (499, "C3 PICASSO", 2);
INSERT INTO modelos (mod_id, mod_nome, mar_id) VALUES (500, "GRAND C4 PICASSO", 2);
INSERT INTO modelos (mod_id, mod_nome, mar_id) VALUES (501, "207 SEDAN", 2);
INSERT INTO modelos (mod_id, mod_nome, mar_id) VALUES (502, "207 QUIKSILVER", 2);
INSERT INTO modelos (mod_id, mod_nome, mar_id) VALUES (503, "207 ESCAPADE", 2);
INSERT INTO modelos (mod_id, mod_nome, mar_id) VALUES (504, "308 CC", 2);
INSERT INTO modelos (mod_id, mod_nome, mar_id) VALUES (505, "NEW FIESTA SEDAN", 2);
INSERT INTO modelos (mod_id, mod_nome, mar_id) VALUES (506, "A4 AVANT", 2);
INSERT INTO modelos (mod_id, mod_nome, mar_id) VALUES (507, "S4 AVANT", 2);
INSERT INTO modelos (mod_id, mod_nome, mar_id) VALUES (508, "A5 SPORTBACK", 2);
INSERT INTO modelos (mod_id, mod_nome, mar_id) VALUES (509, "A5 CABRIOLET", 2);
INSERT INTO modelos (mod_id, mod_nome, mar_id) VALUES (510, "S5 COUPE", 2);
INSERT INTO modelos (mod_id, mod_nome, mar_id) VALUES (511, "S5 SPORTBACK", 2);
INSERT INTO modelos (mod_id, mod_nome, mar_id) VALUES (512, "S5 CABRIOLET", 2);
INSERT INTO modelos (mod_id, mod_nome, mar_id) VALUES (513, "A6 AVANT", 2);
INSERT INTO modelos (mod_id, mod_nome, mar_id) VALUES (514, "A6 ALLROAD", 2);
INSERT INTO modelos (mod_id, mod_nome, mar_id) VALUES (515, "S6 AVANT", 2);
INSERT INTO modelos (mod_id, mod_nome, mar_id) VALUES (516, "S7", 2);
INSERT INTO modelos (mod_id, mod_nome, mar_id) VALUES (517, "TT ROADSTER", 2);
INSERT INTO modelos (mod_id, mod_nome, mar_id) VALUES (518, "TT RS", 2);
INSERT INTO modelos (mod_id, mod_nome, mar_id) VALUES (519, "TT RS ROADSTER", 2);
INSERT INTO modelos (mod_id, mod_nome, mar_id) VALUES (520, "TTS ROADSTER", 2);
INSERT INTO modelos (mod_id, mod_nome, mar_id) VALUES (521, "PAJERO FULL", 2);
INSERT INTO modelos (mod_id, mod_nome, mar_id) VALUES (522, "PAJERO DAKAR", 2);
INSERT INTO modelos (mod_id, mod_nome, mar_id) VALUES (523, "PAJERO TR4", 2);
INSERT INTO modelos (mod_id, mod_nome, mar_id) VALUES (524, "LANCER SPORTBACK", 2);
INSERT INTO modelos (mod_id, mod_nome, mar_id) VALUES (525, "LANCER EVOLUTION", 2);
INSERT INTO modelos (mod_id, mod_nome, mar_id) VALUES (526, "L200 TRITON SAVANA", 2);
INSERT INTO modelos (mod_id, mod_nome, mar_id) VALUES (527, "L200 TRITON", 2);
INSERT INTO modelos (mod_id, mod_nome, mar_id) VALUES (528, "LIVINA X-GEAR", 2);
INSERT INTO modelos (mod_id, mod_nome, mar_id) VALUES (529, "GRAND LIVINA", 2);
INSERT INTO modelos (mod_id, mod_nome, mar_id) VALUES (530, "NEW ACTYON SPORTS", 2);
INSERT INTO modelos (mod_id, mod_nome, mar_id) VALUES (531, "PRIUS", 2);
INSERT INTO modelos (mod_id, mod_nome, mar_id) VALUES (532, "DART", 2);
INSERT INTO modelos (mod_id, mod_nome, mar_id) VALUES (533, "CHARGER", 2);
INSERT INTO modelos (mod_id, mod_nome, mar_id) VALUES (534, "APOLLO", 2);
INSERT INTO modelos (mod_id, mod_nome, mar_id) VALUES (535, "HRV", 2);
INSERT INTO modelos (mod_id, mod_nome, mar_id) VALUES (536, "MEGANE SEDAN", 2);
INSERT INTO modelos (mod_id, mod_nome, mar_id) VALUES (537, "A4 CABRIOLET", 2);
INSERT INTO modelos (mod_id, mod_nome, mar_id) VALUES (538, "GTI", 2);
INSERT INTO modelos (mod_id, mod_nome, mar_id) VALUES (539, "CR-X", 2);
INSERT INTO modelos (mod_id, mod_nome, mar_id) VALUES (540, "CONCERTO", 2);
INSERT INTO modelos (mod_id, mod_nome, mar_id) VALUES (541, "CR-Z", 2);
INSERT INTO modelos (mod_id, mod_nome, mar_id) VALUES (542, "FR-V", 2);
INSERT INTO modelos (mod_id, mod_nome, mar_id) VALUES (543, "HR-V", 2);
INSERT INTO modelos (mod_id, mod_nome, mar_id) VALUES (544, "HSC", 2);
INSERT INTO modelos (mod_id, mod_nome, mar_id) VALUES (545, "S2000", 2);
INSERT INTO modelos (mod_id, mod_nome, mar_id) VALUES (546, "S600", 2);
INSERT INTO modelos (mod_id, mod_nome, mar_id) VALUES (547, "S500", 2);
INSERT INTO modelos (mod_id, mod_nome, mar_id) VALUES (548, "S800", 2);
INSERT INTO modelos (mod_id, mod_nome, mar_id) VALUES (549, "VERONA", 2);
INSERT INTO modelos (mod_id, mod_nome, mar_id) VALUES (550, "JEEP CJ", 2);
INSERT INTO modelos (mod_id, mod_nome, mar_id) VALUES (551, "306 CABRIOLET", 2);
INSERT INTO modelos (mod_id, mod_nome, mar_id) VALUES (552, "407 SW", 2);
INSERT INTO modelos (mod_id, mod_nome, mar_id) VALUES (553, "307 CC", 2);
INSERT INTO modelos (mod_id, mod_nome, mar_id) VALUES (554, "GT2", 2);
INSERT INTO modelos (mod_id, mod_nome, mar_id) VALUES (555, "306 SW", 2);
INSERT INTO modelos (mod_id, mod_nome, mar_id) VALUES (556, "TI 80", 2);
INSERT INTO modelos (mod_id, mod_nome, mar_id) VALUES (557, "208", 2);
INSERT INTO modelos (mod_id, mod_nome, mar_id) VALUES (558, "GRAND BLAZER", 2);
INSERT INTO modelos (mod_id, mod_nome, mar_id) VALUES (559, "PAJERO FULL 3D", 2);
INSERT INTO modelos (mod_id, mod_nome, mar_id) VALUES (560, "PAJERO SPORT", 2);
INSERT INTO modelos (mod_id, mod_nome, mar_id) VALUES (561, "120 CABRIO", 2);
INSERT INTO modelos (mod_id, mod_nome, mar_id) VALUES (562, "320 TOURING", 2);
INSERT INTO modelos (mod_id, mod_nome, mar_id) VALUES (563, "330 CABRIO", 2);
INSERT INTO modelos (mod_id, mod_nome, mar_id) VALUES (564, "SERIE 5 TOURING", 2);
INSERT INTO modelos (mod_id, mod_nome, mar_id) VALUES (565, "SERIE 6 CABRIO", 2);
INSERT INTO modelos (mod_id, mod_nome, mar_id) VALUES (566, "SERIE M CONVERSIVEL", 2);
INSERT INTO modelos (mod_id, mod_nome, mar_id) VALUES (567, "M5 TOURING", 2);
INSERT INTO modelos (mod_id, mod_nome, mar_id) VALUES (568, "SERIE Z ROADSTER", 2);
INSERT INTO modelos (mod_id, mod_nome, mar_id) VALUES (569, "KA SPORT", 2);
INSERT INTO modelos (mod_id, mod_nome, mar_id) VALUES (570, "CC", 2);
INSERT INTO modelos (mod_id, mod_nome, mar_id) VALUES (571, "CERATO KOUP", 2);
INSERT INTO modelos (mod_id, mod_nome, mar_id) VALUES (572, "ASTRO", 2);
INSERT INTO modelos (mod_id, mod_nome, mar_id) VALUES (573, "COROLLA XRS", 2);
INSERT INTO modelos (mod_id, mod_nome, mar_id) VALUES (574, "ETIOS SEDAN", 2);
INSERT INTO modelos (mod_id, mod_nome, mar_id) VALUES (575, "ALVORADA", 2);
INSERT INTO modelos (mod_id, mod_nome, mar_id) VALUES (576, "HB20X", 2);
INSERT INTO modelos (mod_id, mod_nome, mar_id) VALUES (577, "HB20S", 2);
INSERT INTO modelos (mod_id, mod_nome, mar_id) VALUES (578, "MONZA", 2);
INSERT INTO modelos (mod_id, mod_nome, mar_id) VALUES (579, "CHEVETTE", 2);
INSERT INTO modelos (mod_id, mod_nome, mar_id) VALUES (580, "X60", 2);
INSERT INTO modelos (mod_id, mod_nome, mar_id) VALUES (581, "118", 2);
INSERT INTO modelos (mod_id, mod_nome, mar_id) VALUES (582, "120", 2);
INSERT INTO modelos (mod_id, mod_nome, mar_id) VALUES (583, "130", 2);
INSERT INTO modelos (mod_id, mod_nome, mar_id) VALUES (584, "C-2800", 2);
INSERT INTO modelos (mod_id, mod_nome, mar_id) VALUES (585, "318", 2);
INSERT INTO modelos (mod_id, mod_nome, mar_id) VALUES (586, "320", 2);
INSERT INTO modelos (mod_id, mod_nome, mar_id) VALUES (587, "318 CABRIO", 2);
INSERT INTO modelos (mod_id, mod_nome, mar_id) VALUES (588, "325 CABRIO", 2);
INSERT INTO modelos (mod_id, mod_nome, mar_id) VALUES (589, "530", 2);
INSERT INTO modelos (mod_id, mod_nome, mar_id) VALUES (590, "540", 2);
INSERT INTO modelos (mod_id, mod_nome, mar_id) VALUES (591, "550", 2);
INSERT INTO modelos (mod_id, mod_nome, mar_id) VALUES (592, "740", 2);
INSERT INTO modelos (mod_id, mod_nome, mar_id) VALUES (593, "750", 2);
INSERT INTO modelos (mod_id, mod_nome, mar_id) VALUES (594, "760", 2);
INSERT INTO modelos (mod_id, mod_nome, mar_id) VALUES (595, "MATRIX 4X4", 2);
INSERT INTO modelos (mod_id, mod_nome, mar_id) VALUES (596, "A7", 2);
INSERT INTO modelos (mod_id, mod_nome, mar_id) VALUES (597, "A9", 2);
INSERT INTO modelos (mod_id, mod_nome, mar_id) VALUES (598, "A9 CARGO", 2);
INSERT INTO modelos (mod_id, mod_nome, mar_id) VALUES (599, "C4 LOUNGE", 2);
INSERT INTO modelos (mod_id, mod_nome, mar_id) VALUES (600, "C70", 2);
INSERT INTO modelos (mod_id, mod_nome, mar_id) VALUES (601, "C30", 2);
INSERT INTO modelos (mod_id, mod_nome, mar_id) VALUES (602, "544", 2);
INSERT INTO modelos (mod_id, mod_nome, mar_id) VALUES (603, "S40", 2);
INSERT INTO modelos (mod_id, mod_nome, mar_id) VALUES (604, "S60", 2);
INSERT INTO modelos (mod_id, mod_nome, mar_id) VALUES (605, "S70", 2);
INSERT INTO modelos (mod_id, mod_nome, mar_id) VALUES (606, "S80", 2);
INSERT INTO modelos (mod_id, mod_nome, mar_id) VALUES (607, "V40", 2);
INSERT INTO modelos (mod_id, mod_nome, mar_id) VALUES (608, "V50", 2);
INSERT INTO modelos (mod_id, mod_nome, mar_id) VALUES (609, "V60", 2);
INSERT INTO modelos (mod_id, mod_nome, mar_id) VALUES (610, "V70", 2);
INSERT INTO modelos (mod_id, mod_nome, mar_id) VALUES (611, "S90", 2);
INSERT INTO modelos (mod_id, mod_nome, mar_id) VALUES (612, "XC60", 2);
INSERT INTO modelos (mod_id, mod_nome, mar_id) VALUES (613, "XC70", 2);
INSERT INTO modelos (mod_id, mod_nome, mar_id) VALUES (614, "XC90", 2);
INSERT INTO modelos (mod_id, mod_nome, mar_id) VALUES (615, "C50", 2);
INSERT INTO modelos (mod_id, mod_nome, mar_id) VALUES (616, "190", 2);
INSERT INTO modelos (mod_id, mod_nome, mar_id) VALUES (617, "CLASSE CLA", 2);
INSERT INTO modelos (mod_id, mod_nome, mar_id) VALUES (618, "CLASSE V", 2);
INSERT INTO modelos (mod_id, mod_nome, mar_id) VALUES (619, "CLASSE S CLASSICO", 2);
INSERT INTO modelos (mod_id, mod_nome, mar_id) VALUES (620, "J3S", 2);
INSERT INTO modelos (mod_id, mod_nome, mar_id) VALUES (621, "PICK-UP", 2);
INSERT INTO modelos (mod_id, mod_nome, mar_id) VALUES (622, "VAN", 2);
INSERT INTO modelos (mod_id, mod_nome, mar_id) VALUES (623, "C3 SOLARIS", 2);
INSERT INTO modelos (mod_id, mod_nome, mar_id) VALUES (624, "C3 XTR", 2);
INSERT INTO modelos (mod_id, mod_nome, mar_id) VALUES (625, "C4 SOLARIS", 2);
INSERT INTO modelos (mod_id, mod_nome, mar_id) VALUES (626, "C5 BREAK/TOURER", 2);
INSERT INTO modelos (mod_id, mod_nome, mar_id) VALUES (627, "XSARA BREAK", 2);
INSERT INTO modelos (mod_id, mod_nome, mar_id) VALUES (628, "XSARA VTS", 2);
INSERT INTO modelos (mod_id, mod_nome, mar_id) VALUES (629, "C15", 2);
INSERT INTO modelos (mod_id, mod_nome, mar_id) VALUES (630, "VISA", 2);
INSERT INTO modelos (mod_id, mod_nome, mar_id) VALUES (631, "C1", 2);
INSERT INTO modelos (mod_id, mod_nome, mar_id) VALUES (632, "C2", 2);
INSERT INTO modelos (mod_id, mod_nome, mar_id) VALUES (633, "C3 PLURIEL", 2);
INSERT INTO modelos (mod_id, mod_nome, mar_id) VALUES (634, "DS4", 2);
INSERT INTO modelos (mod_id, mod_nome, mar_id) VALUES (635, "DS5", 2);
INSERT INTO modelos (mod_id, mod_nome, mar_id) VALUES (636, "C35", 2);
INSERT INTO modelos (mod_id, mod_nome, mar_id) VALUES (637, "C25", 2);
INSERT INTO modelos (mod_id, mod_nome, mar_id) VALUES (638, "CX", 2);
INSERT INTO modelos (mod_id, mod_nome, mar_id) VALUES (639, "A1 SPORTBACK", 2);
INSERT INTO modelos (mod_id, mod_nome, mar_id) VALUES (640, "A1 QUATTRO", 2);
INSERT INTO modelos (mod_id, mod_nome, mar_id) VALUES (641, "A3 SPORTBACK", 2);
INSERT INTO modelos (mod_id, mod_nome, mar_id) VALUES (642, "RS4 AVANT", 2);
INSERT INTO modelos (mod_id, mod_nome, mar_id) VALUES (643, "X1", 2);
INSERT INTO modelos (mod_id, mod_nome, mar_id) VALUES (644, "X3", 2);
INSERT INTO modelos (mod_id, mod_nome, mar_id) VALUES (645, "X5", 2);
INSERT INTO modelos (mod_id, mod_nome, mar_id) VALUES (646, "X6", 2);
INSERT INTO modelos (mod_id, mod_nome, mar_id) VALUES (647, "840", 2);
INSERT INTO modelos (mod_id, mod_nome, mar_id) VALUES (648, "850", 2);
INSERT INTO modelos (mod_id, mod_nome, mar_id) VALUES (649, "645", 2);
INSERT INTO modelos (mod_id, mod_nome, mar_id) VALUES (650, "650", 2);
INSERT INTO modelos (mod_id, mod_nome, mar_id) VALUES (651, "ESCORT SEDAN", 2);
INSERT INTO modelos (mod_id, mod_nome, mar_id) VALUES (652, "ESCORT CONVERSIVEL", 2);
INSERT INTO modelos (mod_id, mod_nome, mar_id) VALUES (653, "MX-6", 2);
INSERT INTO modelos (mod_id, mod_nome, mar_id) VALUES (654, "ESCORT XR3", 2);
INSERT INTO modelos (mod_id, mod_nome, mar_id) VALUES (655, "IMPREZA WRX HATCH", 2);
INSERT INTO modelos (mod_id, mod_nome, mar_id) VALUES (656, "IMPREZA WRX STI HATCH", 2);
INSERT INTO modelos (mod_id, mod_nome, mar_id) VALUES (657, "IMPREZA WRX STI SEDAN", 2);
INSERT INTO modelos (mod_id, mod_nome, mar_id) VALUES (658, "IMPREZA WRX SEDAN", 2);
INSERT INTO modelos (mod_id, mod_nome, mar_id) VALUES (659, "ETIOS CROSS", 2);
INSERT INTO modelos (mod_id, mod_nome, mar_id) VALUES (660, "UP", 2);
INSERT INTO modelos (mod_id, mod_nome, mar_id) VALUES (661, "EXPLORER", 2);
INSERT INTO modelos (mod_id, mod_nome, mar_id) VALUES (662, "GT", 2);
INSERT INTO modelos (mod_id, mod_nome, mar_id) VALUES (663, "CRX", 2);
INSERT INTO modelos (mod_id, mod_nome, mar_id) VALUES (664, "VERSAILLES", 2);
INSERT INTO modelos (mod_id, mod_nome, mar_id) VALUES (665, "CLASSIC", 2);
INSERT INTO modelos (mod_id, mod_nome, mar_id) VALUES (666, "SUPREMA", 2);
INSERT INTO modelos (mod_id, mod_nome, mar_id) VALUES (667, "NEW BEETLE", 2);
INSERT INTO modelos (mod_id, mod_nome, mar_id) VALUES (668, "CROSSFOX", 2);
INSERT INTO modelos (mod_id, mod_nome, mar_id) VALUES (669, "530", 2);
INSERT INTO modelos (mod_id, mod_nome, mar_id) VALUES (670, "MOBI", 2);
INSERT INTO modelos (mod_id, mod_nome, mar_id) VALUES (671, "TORO", 2);
INSERT INTO modelos (mod_id, mod_nome, mar_id) VALUES (672, "RENEGADE", 2);
INSERT INTO modelos (mod_id, mod_nome, mar_id) VALUES (673, "DUSTER OROCH", 2);
INSERT INTO modelos (mod_id, mod_nome, mar_id) VALUES (674, "SANDERO RS", 2);
INSERT INTO modelos (mod_id, mod_nome, mar_id) VALUES (675, "HB20R", 2);
INSERT INTO modelos (mod_id, mod_nome, mar_id) VALUES (676, "GRAND SANTA FE", 2);
INSERT INTO modelos (mod_id, mod_nome, mar_id) VALUES (677, "GOLF VARIANT", 2);
INSERT INTO modelos (mod_id, mod_nome, mar_id) VALUES (678, "SPACE CROSS", 2);
INSERT INTO modelos (mod_id, mod_nome, mar_id) VALUES (679, "2008", 2);
INSERT INTO modelos (mod_id, mod_nome, mar_id) VALUES (680, "GRAND CARNIVAL", 2);
INSERT INTO modelos (mod_id, mod_nome, mar_id) VALUES (681, "T8", 2);
INSERT INTO modelos (mod_id, mod_nome, mar_id) VALUES (682, "T6", 2);
INSERT INTO modelos (mod_id, mod_nome, mar_id) VALUES (683, "T5", 2);
INSERT INTO modelos (mod_id, mod_nome, mar_id) VALUES (684, "KA SEDAN", 2);
INSERT INTO modelos (mod_id, mod_nome, mar_id) VALUES (685, "FOCUS FASTBACK", 2);


-- INSERT's PARA TABELA MODELOS DE MOTOS
INSERT INTO modelos (mod_id, mod_nome, mar_id) VALUES (686, "BIZ", 3);
INSERT INTO modelos (mod_id, mod_nome, mar_id) VALUES (687, "CB 300R", 3);
INSERT INTO modelos (mod_id, mod_nome, mar_id) VALUES (688, "CB 400", 3);
INSERT INTO modelos (mod_id, mod_nome, mar_id) VALUES (689, "CB 500", 3);
INSERT INTO modelos (mod_id, mod_nome, mar_id) VALUES (690, "CB 600 HORNET", 3);
INSERT INTO modelos (mod_id, mod_nome, mar_id) VALUES (691, "CBR 1000F", 3);
INSERT INTO modelos (mod_id, mod_nome, mar_id) VALUES (692, "FIREBLADE CBR", 3);
INSERT INTO modelos (mod_id, mod_nome, mar_id) VALUES (693, "CBR 450", 3);
INSERT INTO modelos (mod_id, mod_nome, mar_id) VALUES (694, "CBR 600", 3);
INSERT INTO modelos (mod_id, mod_nome, mar_id) VALUES (695, "TWISTER CBX 250", 3);
INSERT INTO modelos (mod_id, mod_nome, mar_id) VALUES (696, "CBX 750F", 3);
INSERT INTO modelos (mod_id, mod_nome, mar_id) VALUES (697, "CG FAN", 3);
INSERT INTO modelos (mod_id, mod_nome, mar_id) VALUES (698, "CG TITAN", 3);
INSERT INTO modelos (mod_id, mod_nome, mar_id) VALUES (699, "CRYPTON T115", 3);
INSERT INTO modelos (mod_id, mod_nome, mar_id) VALUES (700, "CRZ", 3);
INSERT INTO modelos (mod_id, mod_nome, mar_id) VALUES (701, "V-STROM DL", 3);
INSERT INTO modelos (mod_id, mod_nome, mar_id) VALUES (702, "DT 200", 3);
INSERT INTO modelos (mod_id, mod_nome, mar_id) VALUES (703, "GR 500", 3);
INSERT INTO modelos (mod_id, mod_nome, mar_id) VALUES (704, "GSX", 3);
INSERT INTO modelos (mod_id, mod_nome, mar_id) VALUES (705, "GSX-R GIXXER/SRAD", 3);
INSERT INTO modelos (mod_id, mod_nome, mar_id) VALUES (706, "FAZER YS250", 3);
INSERT INTO modelos (mod_id, mod_nome, mar_id) VALUES (707, "FACTOR YBR125", 3);
INSERT INTO modelos (mod_id, mod_nome, mar_id) VALUES (708, "YZF R1", 3);
INSERT INTO modelos (mod_id, mod_nome, mar_id) VALUES (709, "VIRAGO 250", 3);
INSERT INTO modelos (mod_id, mod_nome, mar_id) VALUES (710, "CITY", 3);
INSERT INTO modelos (mod_id, mod_nome, mar_id) VALUES (711, "DAKAR", 3);
INSERT INTO modelos (mod_id, mod_nome, mar_id) VALUES (712, "CLASSIC", 3);
INSERT INTO modelos (mod_id, mod_nome, mar_id) VALUES (713, "MOTO", 3);
INSERT INTO modelos (mod_id, mod_nome, mar_id) VALUES (714, "G650GS", 3);
INSERT INTO modelos (mod_id, mod_nome, mar_id) VALUES (715, "S1000RR", 3);
INSERT INTO modelos (mod_id, mod_nome, mar_id) VALUES (716, "CAN-AM", 3);
INSERT INTO modelos (mod_id, mod_nome, mar_id) VALUES (717, "ROADSTER", 3);
INSERT INTO modelos (mod_id, mod_nome, mar_id) VALUES (718, "VT", 3);
INSERT INTO modelos (mod_id, mod_nome, mar_id) VALUES (719, "VX", 3);
INSERT INTO modelos (mod_id, mod_nome, mar_id) VALUES (720, "APACHE", 3);
INSERT INTO modelos (mod_id, mod_nome, mar_id) VALUES (721, "CITYCOM", 3);
INSERT INTO modelos (mod_id, mod_nome, mar_id) VALUES (722, "KANSAS", 3);
INSERT INTO modelos (mod_id, mod_nome, mar_id) VALUES (723, "NEXT", 3);
INSERT INTO modelos (mod_id, mod_nome, mar_id) VALUES (724, "RIVA", 3);
INSERT INTO modelos (mod_id, mod_nome, mar_id) VALUES (725, "ROADWIN", 3);
INSERT INTO modelos (mod_id, mod_nome, mar_id) VALUES (726, "ZIG", 3);
INSERT INTO modelos (mod_id, mod_nome, mar_id) VALUES (727, "CITY", 3);
INSERT INTO modelos (mod_id, mod_nome, mar_id) VALUES (728, "CARGO 150", 3);
INSERT INTO modelos (mod_id, mod_nome, mar_id) VALUES (729, "CARGO 200", 3);
INSERT INTO modelos (mod_id, mod_nome, mar_id) VALUES (730, "1098", 3);
INSERT INTO modelos (mod_id, mod_nome, mar_id) VALUES (731, "1198", 3);
INSERT INTO modelos (mod_id, mod_nome, mar_id) VALUES (732, "749", 3);
INSERT INTO modelos (mod_id, mod_nome, mar_id) VALUES (733, "848", 3);
INSERT INTO modelos (mod_id, mod_nome, mar_id) VALUES (734, "996", 3);
INSERT INTO modelos (mod_id, mod_nome, mar_id) VALUES (735, "998", 3);
INSERT INTO modelos (mod_id, mod_nome, mar_id) VALUES (736, "999", 3);
INSERT INTO modelos (mod_id, mod_nome, mar_id) VALUES (737, "999R", 3);
INSERT INTO modelos (mod_id, mod_nome, mar_id) VALUES (738, "DIAVEL", 3);
INSERT INTO modelos (mod_id, mod_nome, mar_id) VALUES (739, "HYPERMOTARD", 3);
INSERT INTO modelos (mod_id, mod_nome, mar_id) VALUES (740, "MONSTER", 3);
INSERT INTO modelos (mod_id, mod_nome, mar_id) VALUES (741, "MULTISTRADA", 3);
INSERT INTO modelos (mod_id, mod_nome, mar_id) VALUES (742, "SPORTCLASSIC", 3);
INSERT INTO modelos (mod_id, mod_nome, mar_id) VALUES (743, "SS", 3);
INSERT INTO modelos (mod_id, mod_nome, mar_id) VALUES (744, "STREETFIGHTER", 3);
INSERT INTO modelos (mod_id, mod_nome, mar_id) VALUES (745, "MIRAGE", 3);
INSERT INTO modelos (mod_id, mod_nome, mar_id) VALUES (746, "V-ROD", 3);
INSERT INTO modelos (mod_id, mod_nome, mar_id) VALUES (747, "CB 1000R", 3);
INSERT INTO modelos (mod_id, mod_nome, mar_id) VALUES (748, "CB 1300", 3);
INSERT INTO modelos (mod_id, mod_nome, mar_id) VALUES (749, "SUPERBLACKBIRD CBR 1100XX", 3);
INSERT INTO modelos (mod_id, mod_nome, mar_id) VALUES (750, "CBR 250", 3);
INSERT INTO modelos (mod_id, mod_nome, mar_id) VALUES (751, "STRADA CBX 200", 3);
INSERT INTO modelos (mod_id, mod_nome, mar_id) VALUES (752, "GL GOLD WING", 3);
INSERT INTO modelos (mod_id, mod_nome, mar_id) VALUES (753, "LEAD", 3);
INSERT INTO modelos (mod_id, mod_nome, mar_id) VALUES (754, "NX 200/250", 3);
INSERT INTO modelos (mod_id, mod_nome, mar_id) VALUES (755, "NX 350 SAHARA", 3);
INSERT INTO modelos (mod_id, mod_nome, mar_id) VALUES (756, "NX 400 FALCON", 3);
INSERT INTO modelos (mod_id, mod_nome, mar_id) VALUES (757, "NXR BROS", 3);
INSERT INTO modelos (mod_id, mod_nome, mar_id) VALUES (758, "POP 100", 3);
INSERT INTO modelos (mod_id, mod_nome, mar_id) VALUES (759, "VFR 1200", 3);
INSERT INTO modelos (mod_id, mod_nome, mar_id) VALUES (760, "VTX", 3);
INSERT INTO modelos (mod_id, mod_nome, mar_id) VALUES (761, "VARADERO XL 1000V", 3);
INSERT INTO modelos (mod_id, mod_nome, mar_id) VALUES (762, "XL", 3);
INSERT INTO modelos (mod_id, mod_nome, mar_id) VALUES (763, "XL 700V TRANSALP", 3);
INSERT INTO modelos (mod_id, mod_nome, mar_id) VALUES (764, "XLR", 3);
INSERT INTO modelos (mod_id, mod_nome, mar_id) VALUES (765, "XLX", 3);
INSERT INTO modelos (mod_id, mod_nome, mar_id) VALUES (766, "VLR 350", 3);
INSERT INTO modelos (mod_id, mod_nome, mar_id) VALUES (767, "XR", 3);
INSERT INTO modelos (mod_id, mod_nome, mar_id) VALUES (768, "TORNADO XR 250", 3);
INSERT INTO modelos (mod_id, mod_nome, mar_id) VALUES (769, "XRE 300", 3);
INSERT INTO modelos (mod_id, mod_nome, mar_id) VALUES (770, "COMET GT 650", 3);
INSERT INTO modelos (mod_id, mod_nome, mar_id) VALUES (771, "COMET GT-R 650", 3);
INSERT INTO modelos (mod_id, mod_nome, mar_id) VALUES (772, "MIRAGE", 3);
INSERT INTO modelos (mod_id, mod_nome, mar_id) VALUES (773, "WAY", 3);
INSERT INTO modelos (mod_id, mod_nome, mar_id) VALUES (774, "D-TRACKER", 3);
INSERT INTO modelos (mod_id, mod_nome, mar_id) VALUES (775, "ER-6N", 3);
INSERT INTO modelos (mod_id, mod_nome, mar_id) VALUES (776, "KLX 110/140", 3);
INSERT INTO modelos (mod_id, mod_nome, mar_id) VALUES (777, "KX 100/125", 3);
INSERT INTO modelos (mod_id, mod_nome, mar_id) VALUES (778, "KZ", 3);
INSERT INTO modelos (mod_id, mod_nome, mar_id) VALUES (779, "NINJA 250", 3);
INSERT INTO modelos (mod_id, mod_nome, mar_id) VALUES (780, "VERSYS", 3);
INSERT INTO modelos (mod_id, mod_nome, mar_id) VALUES (781, "VULCAN", 3);
INSERT INTO modelos (mod_id, mod_nome, mar_id) VALUES (782, "ZZR", 3);
INSERT INTO modelos (mod_id, mod_nome, mar_id) VALUES (783, "CARGO", 3);
INSERT INTO modelos (mod_id, mod_nome, mar_id) VALUES (784, "TRICICLO", 3);
INSERT INTO modelos (mod_id, mod_nome, mar_id) VALUES (785, "BRUTALE", 3);
INSERT INTO modelos (mod_id, mod_nome, mar_id) VALUES (786, "F4", 3);
INSERT INTO modelos (mod_id, mod_nome, mar_id) VALUES (787, "VESPA", 3);
INSERT INTO modelos (mod_id, mod_nome, mar_id) VALUES (788, "MAX", 3);
INSERT INTO modelos (mod_id, mod_nome, mar_id) VALUES (789, "VBLADE", 3);
INSERT INTO modelos (mod_id, mod_nome, mar_id) VALUES (790, "WEB", 3);
INSERT INTO modelos (mod_id, mod_nome, mar_id) VALUES (791, "WEB EVO", 3);
INSERT INTO modelos (mod_id, mod_nome, mar_id) VALUES (792, "BANDIT 250", 3);
INSERT INTO modelos (mod_id, mod_nome, mar_id) VALUES (793, "BOULEVARD", 3);
INSERT INTO modelos (mod_id, mod_nome, mar_id) VALUES (794, "BURGMAN AN", 3);
INSERT INTO modelos (mod_id, mod_nome, mar_id) VALUES (795, "DR", 3);
INSERT INTO modelos (mod_id, mod_nome, mar_id) VALUES (796, "GS 500", 3);
INSERT INTO modelos (mod_id, mod_nome, mar_id) VALUES (797, "GSR", 3);
INSERT INTO modelos (mod_id, mod_nome, mar_id) VALUES (798, "INTRUDER", 3);
INSERT INTO modelos (mod_id, mod_nome, mar_id) VALUES (799, "RF", 3);
INSERT INTO modelos (mod_id, mod_nome, mar_id) VALUES (800, "SAVAGE", 3);
INSERT INTO modelos (mod_id, mod_nome, mar_id) VALUES (801, "TL", 3);
INSERT INTO modelos (mod_id, mod_nome, mar_id) VALUES (802, "VX 800", 3);
INSERT INTO modelos (mod_id, mod_nome, mar_id) VALUES (803, "BONNEVILLE", 3);
INSERT INTO modelos (mod_id, mod_nome, mar_id) VALUES (804, "DAYTONA", 3);
INSERT INTO modelos (mod_id, mod_nome, mar_id) VALUES (805, "ROCKET", 3);
INSERT INTO modelos (mod_id, mod_nome, mar_id) VALUES (806, "SCRAMBLER", 3);
INSERT INTO modelos (mod_id, mod_nome, mar_id) VALUES (807, "SPEED TRIPLE", 3);
INSERT INTO modelos (mod_id, mod_nome, mar_id) VALUES (808, "STREET TRIPLE", 3);
INSERT INTO modelos (mod_id, mod_nome, mar_id) VALUES (809, "TIGER", 3);
INSERT INTO modelos (mod_id, mod_nome, mar_id) VALUES (810, "TRIDENT", 3);
INSERT INTO modelos (mod_id, mod_nome, mar_id) VALUES (811, "TROPHY", 3);
INSERT INTO modelos (mod_id, mod_nome, mar_id) VALUES (812, "TT-600", 3);
INSERT INTO modelos (mod_id, mod_nome, mar_id) VALUES (813, "JOG", 3);
INSERT INTO modelos (mod_id, mod_nome, mar_id) VALUES (814, "MT-03", 3);
INSERT INTO modelos (mod_id, mod_nome, mar_id) VALUES (815, "RD 135", 3);
INSERT INTO modelos (mod_id, mod_nome, mar_id) VALUES (816, "ROYAL STAR", 3);
INSERT INTO modelos (mod_id, mod_nome, mar_id) VALUES (817, "TDM", 3);
INSERT INTO modelos (mod_id, mod_nome, mar_id) VALUES (818, "TDR 180", 3);
INSERT INTO modelos (mod_id, mod_nome, mar_id) VALUES (819, "TRX", 3);
INSERT INTO modelos (mod_id, mod_nome, mar_id) VALUES (820, "TT-R", 3);
INSERT INTO modelos (mod_id, mod_nome, mar_id) VALUES (821, "V-MAX 1200", 3);
INSERT INTO modelos (mod_id, mod_nome, mar_id) VALUES (822, "WR 250F", 3);
INSERT INTO modelos (mod_id, mod_nome, mar_id) VALUES (823, "XJR", 3);
INSERT INTO modelos (mod_id, mod_nome, mar_id) VALUES (824, "XT 660R", 3);
INSERT INTO modelos (mod_id, mod_nome, mar_id) VALUES (825, "XTZ 125", 3);
INSERT INTO modelos (mod_id, mod_nome, mar_id) VALUES (826, "MIDNIGHT STAR XVS", 3);
INSERT INTO modelos (mod_id, mod_nome, mar_id) VALUES (827, "YFS", 3);
INSERT INTO modelos (mod_id, mod_nome, mar_id) VALUES (828, "YES EN 125", 3);
INSERT INTO modelos (mod_id, mod_nome, mar_id) VALUES (829, "SHADOW", 3);
INSERT INTO modelos (mod_id, mod_nome, mar_id) VALUES (830, "XM", 3);
INSERT INTO modelos (mod_id, mod_nome, mar_id) VALUES (831, "LAMBRETA", 3);
INSERT INTO modelos (mod_id, mod_nome, mar_id) VALUES (832, "SCOOTER", 3);
INSERT INTO modelos (mod_id, mod_nome, mar_id) VALUES (833, "HERO", 3);
INSERT INTO modelos (mod_id, mod_nome, mar_id) VALUES (834, "NC 700X", 3);
INSERT INTO modelos (mod_id, mod_nome, mar_id) VALUES (835, "DRAG STAR", 3);
INSERT INTO modelos (mod_id, mod_nome, mar_id) VALUES (836, "B-KING GSX 1300", 3);
INSERT INTO modelos (mod_id, mod_nome, mar_id) VALUES (837, "CRF 110/150", 3);
INSERT INTO modelos (mod_id, mod_nome, mar_id) VALUES (838, "XJ6", 3);
INSERT INTO modelos (mod_id, mod_nome, mar_id) VALUES (839, "LANDER XTZ 250", 3);
INSERT INTO modelos (mod_id, mod_nome, mar_id) VALUES (840, "FROG", 3);
INSERT INTO modelos (mod_id, mod_nome, mar_id) VALUES (841, "V-STAR", 3);
INSERT INTO modelos (mod_id, mod_nome, mar_id) VALUES (842, "CBR 400RR", 3);
INSERT INTO modelos (mod_id, mod_nome, mar_id) VALUES (843, "CBX 1000", 3);
INSERT INTO modelos (mod_id, mod_nome, mar_id) VALUES (844, "TURUNA 125", 3);
INSERT INTO modelos (mod_id, mod_nome, mar_id) VALUES (845, "VTR", 3);
INSERT INTO modelos (mod_id, mod_nome, mar_id) VALUES (846, "AFRICA TWIN XRV 750", 3);
INSERT INTO modelos (mod_id, mod_nome, mar_id) VALUES (847, "BANDIT 600", 3);
INSERT INTO modelos (mod_id, mod_nome, mar_id) VALUES (848, "BANDIT GSF 750", 3);
INSERT INTO modelos (mod_id, mod_nome, mar_id) VALUES (849, "BANDIT 1200", 3);
INSERT INTO modelos (mod_id, mod_nome, mar_id) VALUES (850, "HAYABUSA", 3);
INSERT INTO modelos (mod_id, mod_nome, mar_id) VALUES (851, "INTRUDER CUSTOM", 3);
INSERT INTO modelos (mod_id, mod_nome, mar_id) VALUES (852, "SV", 3);
INSERT INTO modelos (mod_id, mod_nome, mar_id) VALUES (853, "CG CARGO/JOB", 3);
INSERT INTO modelos (mod_id, mod_nome, mar_id) VALUES (854, "ELIMINATOR", 3);
INSERT INTO modelos (mod_id, mod_nome, mar_id) VALUES (855, "GTR", 3);
INSERT INTO modelos (mod_id, mod_nome, mar_id) VALUES (856, "ZRX", 3);
INSERT INTO modelos (mod_id, mod_nome, mar_id) VALUES (857, "ZR", 3);
INSERT INTO modelos (mod_id, mod_nome, mar_id) VALUES (858, "NINJA 1400", 3);
INSERT INTO modelos (mod_id, mod_nome, mar_id) VALUES (859, "CG 125", 3);
INSERT INTO modelos (mod_id, mod_nome, mar_id) VALUES (860, "CG TODAY", 3);
INSERT INTO modelos (mod_id, mod_nome, mar_id) VALUES (861, "GT", 3);
INSERT INTO modelos (mod_id, mod_nome, mar_id) VALUES (862, "FZR1000", 3);
INSERT INTO modelos (mod_id, mod_nome, mar_id) VALUES (863, "CB 125", 3);
INSERT INTO modelos (mod_id, mod_nome, mar_id) VALUES (864, "MAX 150", 3);
INSERT INTO modelos (mod_id, mod_nome, mar_id) VALUES (865, "RD 350 VIUVA NEGRA", 3);
INSERT INTO modelos (mod_id, mod_nome, mar_id) VALUES (866, "JOB", 3);
INSERT INTO modelos (mod_id, mod_nome, mar_id) VALUES (867, "150", 3);
INSERT INTO modelos (mod_id, mod_nome, mar_id) VALUES (868, "PCX", 3);
INSERT INTO modelos (mod_id, mod_nome, mar_id) VALUES (869, "F650GS", 3);
INSERT INTO modelos (mod_id, mod_nome, mar_id) VALUES (870, "F650CS", 3);
INSERT INTO modelos (mod_id, mod_nome, mar_id) VALUES (871, "F800GS", 3);
INSERT INTO modelos (mod_id, mod_nome, mar_id) VALUES (872, "K1200R", 3);
INSERT INTO modelos (mod_id, mod_nome, mar_id) VALUES (873, "K1300R", 3);
INSERT INTO modelos (mod_id, mod_nome, mar_id) VALUES (874, "K1200GT", 3);
INSERT INTO modelos (mod_id, mod_nome, mar_id) VALUES (875, "K1300GT", 3);
INSERT INTO modelos (mod_id, mod_nome, mar_id) VALUES (876, "K1200GS", 3);
INSERT INTO modelos (mod_id, mod_nome, mar_id) VALUES (877, "K1200S", 3);
INSERT INTO modelos (mod_id, mod_nome, mar_id) VALUES (878, "R1200C", 3);
INSERT INTO modelos (mod_id, mod_nome, mar_id) VALUES (879, "R1150GS", 3);
INSERT INTO modelos (mod_id, mod_nome, mar_id) VALUES (880, "R1200RT", 3);
INSERT INTO modelos (mod_id, mod_nome, mar_id) VALUES (881, "XTZ 250 TENERE", 3);
INSERT INTO modelos (mod_id, mod_nome, mar_id) VALUES (882, "XT 660Z TENERE", 3);
INSERT INTO modelos (mod_id, mod_nome, mar_id) VALUES (883, "XT 1200Z SUPER TENERE", 3);
INSERT INTO modelos (mod_id, mod_nome, mar_id) VALUES (884, "FAZER FZ6", 3);
INSERT INTO modelos (mod_id, mod_nome, mar_id) VALUES (885, "FAZER YS150", 3);
INSERT INTO modelos (mod_id, mod_nome, mar_id) VALUES (886, "FAZER FZ1", 3);
INSERT INTO modelos (mod_id, mod_nome, mar_id) VALUES (887, "YZF 600R", 3);
INSERT INTO modelos (mod_id, mod_nome, mar_id) VALUES (888, "YZF R6", 3);
INSERT INTO modelos (mod_id, mod_nome, mar_id) VALUES (889, "CRF 230/250", 3);
INSERT INTO modelos (mod_id, mod_nome, mar_id) VALUES (890, "CRF 450", 3);
INSERT INTO modelos (mod_id, mod_nome, mar_id) VALUES (891, "NX 650 DOMINATOR", 3);
INSERT INTO modelos (mod_id, mod_nome, mar_id) VALUES (892, "CR 250", 3);
INSERT INTO modelos (mod_id, mod_nome, mar_id) VALUES (893, "CR 125", 3);
INSERT INTO modelos (mod_id, mod_nome, mar_id) VALUES (894, "NINJA 1000", 3);
INSERT INTO modelos (mod_id, mod_nome, mar_id) VALUES (895, "NINJA 600", 3);
INSERT INTO modelos (mod_id, mod_nome, mar_id) VALUES (896, "NINJA 300", 3);
INSERT INTO modelos (mod_id, mod_nome, mar_id) VALUES (897, "NINJA 1100", 3);
INSERT INTO modelos (mod_id, mod_nome, mar_id) VALUES (898, "NINJA 900", 3);
INSERT INTO modelos (mod_id, mod_nome, mar_id) VALUES (899, "NINJA 700", 3);
INSERT INTO modelos (mod_id, mod_nome, mar_id) VALUES (900, "NINJA 1200", 3);
INSERT INTO modelos (mod_id, mod_nome, mar_id) VALUES (901, "Z1000", 3);
INSERT INTO modelos (mod_id, mod_nome, mar_id) VALUES (902, "Z750", 3);
INSERT INTO modelos (mod_id, mod_nome, mar_id) VALUES (903, "Z800", 3);
INSERT INTO modelos (mod_id, mod_nome, mar_id) VALUES (904, "VERSYS CITY", 3);
INSERT INTO modelos (mod_id, mod_nome, mar_id) VALUES (905, "VERSYS GRAND TOURER", 3);
INSERT INTO modelos (mod_id, mod_nome, mar_id) VALUES (906, "VERSYS TOURER", 3);
INSERT INTO modelos (mod_id, mod_nome, mar_id) VALUES (907, "VERSYS 1000", 3);
INSERT INTO modelos (mod_id, mod_nome, mar_id) VALUES (908, "KX 450/500", 3);
INSERT INTO modelos (mod_id, mod_nome, mar_id) VALUES (909, "KX 250", 3);
INSERT INTO modelos (mod_id, mod_nome, mar_id) VALUES (910, "KX 65/85", 3);
INSERT INTO modelos (mod_id, mod_nome, mar_id) VALUES (911, "KLX 400/450", 3);
INSERT INTO modelos (mod_id, mod_nome, mar_id) VALUES (912, "KLX 250/300", 3);
INSERT INTO modelos (mod_id, mod_nome, mar_id) VALUES (913, "TMAX", 3);
INSERT INTO modelos (mod_id, mod_nome, mar_id) VALUES (914, "YFM 700R", 3);
INSERT INTO modelos (mod_id, mod_nome, mar_id) VALUES (915, "990 ADVENTURE BAJA", 3);
INSERT INTO modelos (mod_id, mod_nome, mar_id) VALUES (916, "690 DUKE", 3);
INSERT INTO modelos (mod_id, mod_nome, mar_id) VALUES (917, "1190 RC8 R", 3);
INSERT INTO modelos (mod_id, mod_nome, mar_id) VALUES (918, "COMET GT 250", 3);
INSERT INTO modelos (mod_id, mod_nome, mar_id) VALUES (919, "COMET GT-R 250", 3);
INSERT INTO modelos (mod_id, mod_nome, mar_id) VALUES (920, "RD 50", 3);
INSERT INTO modelos (mod_id, mod_nome, mar_id) VALUES (921, "DT 50", 3);
INSERT INTO modelos (mod_id, mod_nome, mar_id) VALUES (922, "MT-01", 3);
INSERT INTO modelos (mod_id, mod_nome, mar_id) VALUES (923, "FZ-09", 3);
INSERT INTO modelos (mod_id, mod_nome, mar_id) VALUES (924, "MT-07", 3);
INSERT INTO modelos (mod_id, mod_nome, mar_id) VALUES (925, "FZR600", 3);
INSERT INTO modelos (mod_id, mod_nome, mar_id) VALUES (926, "FZR400", 3);
INSERT INTO modelos (mod_id, mod_nome, mar_id) VALUES (927, "FZR250", 3);
INSERT INTO modelos (mod_id, mod_nome, mar_id) VALUES (928, "XT 600", 3);
INSERT INTO modelos (mod_id, mod_nome, mar_id) VALUES (929, "VIRAGO 400", 3);
INSERT INTO modelos (mod_id, mod_nome, mar_id) VALUES (930, "VIRAGO 535", 3);
INSERT INTO modelos (mod_id, mod_nome, mar_id) VALUES (931, "VIRAGO 750", 3);
INSERT INTO modelos (mod_id, mod_nome, mar_id) VALUES (932, "VIRAGO 1400", 3);
